invoice_id,customer_id,subscription_id,invoice_date,billing_period_start,billing_period_end,amount_due,invoice_status
INV00001,CUST0001,SUB0001,2024-10-09,2024-10-09,2024-10-31,19.99,paid
INV00002,CUST0001,SUB0001,2024-11-09,2024-11-09,2024-11-30,19.99,paid
INV00003,CUST0001,SUB0001,2024-12-09,2024-12-09,2024-12-31,19.99,paid
INV00004,CUST0001,SUB0001,2025-01-09,2025-01-09,2025-01-31,19.99,paid
INV00005,CUST0001,SUB0001,2025-02-09,2025-02-09,2025-02-28,19.99,paid
INV00006,CUST0001,SUB0001,2025-03-09,2025-03-09,2025-03-31,19.99,paid
INV00007,CUST0001,SUB0001,2025-04-09,2025-04-09,2025-04-30,19.99,paid
INV00008,CUST0001,SUB0001,2025-05-09,2025-05-09,2025-05-31,19.99,paid
INV00009,CUST0001,SUB0001,2025-06-09,2025-06-09,2025-06-30,19.99,paid
INV00010,CUST0001,SUB0001,2025-07-09,2025-07-09,2025-07-31,19.99,paid
INV00011,CUST0001,SUB0001,2025-08-09,2025-08-09,2025-08-31,19.99,paid
INV00012,CUST0001,SUB0001,2025-09-09,2025-09-09,2025-09-30,19.99,paid
INV00013,CUST0001,SUB0001,2025-10-09,2025-10-09,2025-10-31,19.99,failed
INV00014,CUST0001,SUB0001,2025-11-09,2025-11-09,2025-11-30,19.99,paid
INV00015,CUST0001,SUB0001,2025-12-09,2025-12-09,2025-12-31,19.99,paid
INV00016,CUST0002,SUB0002,2024-03-17,2024-03-17,2024-03-31,49.99,paid
INV00017,CUST0002,SUB0002,2024-04-17,2024-04-17,2024-04-30,49.99,paid
INV00018,CUST0002,SUB0002,2024-05-17,2024-05-17,2024-05-31,49.99,paid
INV00019,CUST0002,SUB0002,2024-06-17,2024-06-17,2024-06-30,49.99,paid
INV00020,CUST0002,SUB0002,2024-07-17,2024-07-17,2024-07-31,49.99,paid
INV00021,CUST0002,SUB0002,2024-08-17,2024-08-17,2024-08-31,49.99,paid
INV00022,CUST0002,SUB0002,2024-09-17,2024-09-17,2024-09-30,49.99,paid
INV00023,CUST0002,SUB0002,2024-10-17,2024-10-17,2024-10-31,49.99,paid
INV00024,CUST0002,SUB0002,2024-11-17,2024-11-17,2024-11-30,49.99,paid
INV00025,CUST0003,SUB0003,2025-03-17,2025-03-17,2025-03-31,19.99,paid
INV00026,CUST0003,SUB0003,2025-04-17,2025-04-17,2025-04-30,19.99,paid
INV00027,CUST0003,SUB0003,2025-05-17,2025-05-17,2025-05-31,19.99,paid
INV00028,CUST0003,SUB0003,2025-06-17,2025-06-17,2025-06-30,19.99,paid
INV00029,CUST0003,SUB0003,2025-07-17,2025-07-17,2025-07-31,19.99,paid
INV00030,CUST0003,SUB0003,2025-08-17,2025-08-17,2025-08-31,19.99,paid
INV00031,CUST0003,SUB0003,2025-09-17,2025-09-17,2025-09-30,19.99,paid
INV00032,CUST0003,SUB0003,2025-10-17,2025-10-17,2025-10-31,19.99,paid
INV00033,CUST0003,SUB0003,2025-11-17,2025-11-17,2025-11-30,19.99,paid
INV00034,CUST0003,SUB0003,2025-12-17,2025-12-17,2025-12-31,19.99,paid
INV00035,CUST0004,SUB0004,2025-07-07,2025-07-07,2025-07-31,49.99,paid
INV00036,CUST0004,SUB0004,2025-08-07,2025-08-07,2025-08-31,49.99,paid
INV00037,CUST0004,SUB0004,2025-09-07,2025-09-07,2025-09-30,49.99,paid
INV00038,CUST0004,SUB0004,2025-10-07,2025-10-07,2025-10-31,49.99,paid
INV00039,CUST0004,SUB0004,2025-11-07,2025-11-07,2025-11-30,49.99,paid
INV00040,CUST0004,SUB0004,2025-12-07,2025-12-07,2025-12-31,49.99,paid
INV00041,CUST0005,SUB0005,2024-03-13,2024-03-13,2024-03-31,19.99,paid
INV00042,CUST0005,SUB0005,2024-04-13,2024-04-13,2024-04-30,19.99,paid
INV00043,CUST0005,SUB0005,2024-05-13,2024-05-13,2024-05-31,19.99,paid
INV00044,CUST0005,SUB0005,2024-06-13,2024-06-13,2024-06-30,19.99,paid
INV00045,CUST0005,SUB0005,2024-07-13,2024-07-13,2024-07-31,19.99,paid
INV00046,CUST0005,SUB0005,2024-08-13,2024-08-13,2024-08-31,19.99,paid
INV00047,CUST0005,SUB0005,2024-09-13,2024-09-13,2024-09-30,19.99,paid
INV00048,CUST0005,SUB0005,2024-10-13,2024-10-13,2024-10-31,19.99,paid
INV00049,CUST0005,SUB0005,2024-11-13,2024-11-13,2024-11-30,19.99,paid
INV00050,CUST0005,SUB0005,2024-12-13,2024-12-13,2024-12-31,19.99,paid
INV00051,CUST0006,SUB0006,2024-04-12,2024-04-12,2024-04-30,19.99,paid
INV00052,CUST0006,SUB0006,2024-05-12,2024-05-12,2024-05-31,19.99,paid
INV00053,CUST0006,SUB0006,2024-06-12,2024-06-12,2024-06-30,19.99,paid
INV00054,CUST0006,SUB0006,2024-07-12,2024-07-12,2024-07-31,19.99,paid
INV00055,CUST0006,SUB0006,2024-08-12,2024-08-12,2024-08-31,19.99,paid
INV00056,CUST0006,SUB0006,2024-09-12,2024-09-12,2024-09-30,19.99,paid
INV00057,CUST0006,SUB0006,2024-10-12,2024-10-12,2024-10-31,19.99,paid
INV00058,CUST0006,SUB0006,2024-11-12,2024-11-12,2024-11-30,19.99,paid
INV00059,CUST0006,SUB0006,2024-12-12,2024-12-12,2024-12-31,19.99,paid
INV00060,CUST0007,SUB0007,2024-11-24,2024-11-24,2024-11-30,49.99,paid
INV00061,CUST0007,SUB0007,2024-12-24,2024-12-24,2024-12-31,49.99,failed
INV00062,CUST0007,SUB0007,2025-01-24,2025-01-24,2025-01-31,49.99,paid
INV00063,CUST0007,SUB0007,2025-02-24,2025-02-24,2025-02-28,49.99,paid
INV00064,CUST0007,SUB0007,2025-03-24,2025-03-24,2025-03-31,49.99,paid
INV00065,CUST0007,SUB0007,2025-04-24,2025-04-24,2025-04-30,49.99,paid
INV00066,CUST0007,SUB0007,2025-05-24,2025-05-24,2025-05-31,49.99,failed
INV00067,CUST0007,SUB0007,2025-06-24,2025-06-24,2025-06-30,49.99,paid
INV00068,CUST0007,SUB0007,2025-07-24,2025-07-24,2025-07-31,49.99,paid
INV00069,CUST0008,SUB0008,2024-06-13,2024-06-13,2024-06-30,49.99,paid
INV00070,CUST0008,SUB0008,2024-07-13,2024-07-13,2024-07-31,49.99,paid
INV00071,CUST0008,SUB0008,2024-08-13,2024-08-13,2024-08-31,49.99,paid
INV00072,CUST0008,SUB0008,2024-09-13,2024-09-13,2024-09-30,49.99,paid
INV00073,CUST0008,SUB0008,2024-10-13,2024-10-13,2024-10-31,49.99,paid
INV00074,CUST0008,SUB0008,2024-11-13,2024-11-13,2024-11-30,49.99,paid
INV00075,CUST0008,SUB0008,2024-12-13,2024-12-13,2024-12-31,49.99,failed
INV00076,CUST0009,SUB0009,2024-09-18,2024-09-18,2024-09-30,49.99,paid
INV00077,CUST0009,SUB0009,2024-10-18,2024-10-18,2024-10-31,49.99,paid
INV00078,CUST0009,SUB0009,2024-11-18,2024-11-18,2024-11-30,49.99,failed
INV00079,CUST0009,SUB0009,2024-12-18,2024-12-18,2024-12-31,49.99,paid
INV00080,CUST0009,SUB0009,2025-01-18,2025-01-18,2025-01-31,49.99,paid
INV00081,CUST0009,SUB0009,2025-02-18,2025-02-18,2025-02-28,49.99,paid
INV00082,CUST0009,SUB0009,2025-03-18,2025-03-18,2025-03-31,49.99,paid
INV00083,CUST0009,SUB0009,2025-04-18,2025-04-18,2025-04-30,49.99,paid
INV00084,CUST0009,SUB0009,2025-05-18,2025-05-18,2025-05-31,49.99,paid
INV00085,CUST0009,SUB0009,2025-06-18,2025-06-18,2025-06-30,49.99,paid
INV00086,CUST0009,SUB0009,2025-07-18,2025-07-18,2025-07-31,49.99,paid
INV00087,CUST0009,SUB0009,2025-08-18,2025-08-18,2025-08-31,49.99,failed
INV00088,CUST0009,SUB0009,2025-09-18,2025-09-18,2025-09-30,49.99,paid
INV00089,CUST0009,SUB0009,2025-10-18,2025-10-18,2025-10-31,49.99,paid
INV00090,CUST0009,SUB0009,2025-11-18,2025-11-18,2025-11-30,49.99,paid
INV00091,CUST0009,SUB0009,2025-12-18,2025-12-18,2025-12-31,49.99,paid
INV00092,CUST0010,SUB0010,2025-03-27,2025-03-27,2025-03-31,49.99,paid
INV00093,CUST0010,SUB0010,2025-04-27,2025-04-27,2025-04-30,49.99,paid
INV00094,CUST0010,SUB0010,2025-05-27,2025-05-27,2025-05-31,49.99,paid
INV00095,CUST0010,SUB0010,2025-06-27,2025-06-27,2025-06-30,49.99,paid
INV00096,CUST0010,SUB0010,2025-07-27,2025-07-27,2025-07-31,49.99,paid
INV00097,CUST0010,SUB0010,2025-08-27,2025-08-27,2025-08-31,49.99,paid
INV00098,CUST0010,SUB0010,2025-09-27,2025-09-27,2025-09-30,49.99,paid
INV00099,CUST0010,SUB0010,2025-10-27,2025-10-27,2025-10-31,49.99,paid
INV00100,CUST0010,SUB0010,2025-11-27,2025-11-27,2025-11-30,49.99,paid
INV00101,CUST0010,SUB0010,2025-12-27,2025-12-27,2025-12-31,49.99,paid
INV00102,CUST0011,SUB0011,2024-02-04,2024-02-04,2024-02-29,89.99,paid
INV00103,CUST0011,SUB0011,2024-03-04,2024-03-04,2024-03-31,89.99,paid
INV00104,CUST0011,SUB0011,2024-04-04,2024-04-04,2024-04-30,89.99,paid
INV00105,CUST0011,SUB0011,2024-05-04,2024-05-04,2024-05-31,89.99,paid
INV00106,CUST0011,SUB0011,2024-06-04,2024-06-04,2024-06-30,89.99,paid
INV00107,CUST0011,SUB0011,2024-07-04,2024-07-04,2024-07-31,89.99,paid
INV00108,CUST0011,SUB0011,2024-08-04,2024-08-04,2024-08-31,89.99,paid
INV00109,CUST0011,SUB0011,2024-09-04,2024-09-04,2024-09-30,89.99,failed
INV00110,CUST0011,SUB0011,2024-10-04,2024-10-04,2024-10-31,89.99,paid
INV00111,CUST0011,SUB0011,2024-11-04,2024-11-04,2024-11-30,89.99,paid
INV00112,CUST0011,SUB0011,2024-12-04,2024-12-04,2024-12-31,89.99,paid
INV00113,CUST0011,SUB0011,2025-01-04,2025-01-04,2025-01-31,89.99,paid
INV00114,CUST0011,SUB0011,2025-02-04,2025-02-04,2025-02-28,89.99,paid
INV00115,CUST0011,SUB0011,2025-03-04,2025-03-04,2025-03-31,89.99,paid
INV00116,CUST0011,SUB0011,2025-04-04,2025-04-04,2025-04-30,89.99,paid
INV00117,CUST0011,SUB0011,2025-05-04,2025-05-04,2025-05-31,89.99,paid
INV00118,CUST0011,SUB0011,2025-06-04,2025-06-04,2025-06-30,89.99,paid
INV00119,CUST0011,SUB0011,2025-07-04,2025-07-04,2025-07-31,89.99,paid
INV00120,CUST0011,SUB0011,2025-08-04,2025-08-04,2025-08-31,89.99,paid
INV00121,CUST0011,SUB0011,2025-09-04,2025-09-04,2025-09-30,89.99,paid
INV00122,CUST0011,SUB0011,2025-10-04,2025-10-04,2025-10-31,89.99,paid
INV00123,CUST0011,SUB0011,2025-11-04,2025-11-04,2025-11-30,89.99,paid
INV00124,CUST0011,SUB0011,2025-12-04,2025-12-04,2025-12-31,89.99,paid
INV00125,CUST0012,SUB0012,2025-07-10,2025-07-10,2025-07-31,49.99,paid
INV00126,CUST0012,SUB0012,2025-08-10,2025-08-10,2025-08-31,49.99,paid
INV00127,CUST0012,SUB0012,2025-09-10,2025-09-10,2025-09-30,49.99,failed
INV00128,CUST0012,SUB0012,2025-10-10,2025-10-10,2025-10-31,49.99,paid
INV00129,CUST0012,SUB0012,2025-11-10,2025-11-10,2025-11-30,49.99,paid
INV00130,CUST0012,SUB0012,2025-12-10,2025-12-10,2025-12-31,49.99,paid
INV00131,CUST0013,SUB0013,2024-01-28,2024-01-28,2024-01-31,19.99,paid
INV00132,CUST0013,SUB0013,2024-02-28,2024-02-28,2024-02-29,19.99,paid
INV00133,CUST0013,SUB0013,2024-03-28,2024-03-28,2024-03-31,19.99,paid
INV00134,CUST0013,SUB0013,2024-04-28,2024-04-28,2024-04-30,19.99,paid
INV00135,CUST0013,SUB0013,2024-05-28,2024-05-28,2024-05-31,19.99,paid
INV00136,CUST0013,SUB0013,2024-06-28,2024-06-28,2024-06-30,19.99,paid
INV00137,CUST0013,SUB0013,2024-07-28,2024-07-28,2024-07-31,19.99,paid
INV00138,CUST0013,SUB0013,2024-08-28,2024-08-28,2024-08-31,19.99,paid
INV00139,CUST0013,SUB0013,2024-09-28,2024-09-28,2024-09-30,19.99,paid
INV00140,CUST0013,SUB0013,2024-10-28,2024-10-28,2024-10-31,19.99,paid
INV00141,CUST0013,SUB0013,2024-11-28,2024-11-28,2024-11-30,19.99,paid
INV00142,CUST0013,SUB0013,2024-12-28,2024-12-28,2024-12-31,19.99,paid
INV00143,CUST0013,SUB0013,2025-01-28,2025-01-28,2025-01-31,19.99,paid
INV00144,CUST0013,SUB0013,2025-02-28,2025-02-28,2025-02-28,19.99,paid
INV00145,CUST0013,SUB0013,2025-03-28,2025-03-28,2025-03-31,19.99,paid
INV00146,CUST0013,SUB0013,2025-04-28,2025-04-28,2025-04-30,19.99,paid
INV00147,CUST0013,SUB0013,2025-05-28,2025-05-28,2025-05-31,19.99,paid
INV00148,CUST0013,SUB0013,2025-06-28,2025-06-28,2025-06-30,19.99,paid
INV00149,CUST0013,SUB0013,2025-07-28,2025-07-28,2025-07-31,19.99,paid
INV00150,CUST0013,SUB0013,2025-08-28,2025-08-28,2025-08-31,19.99,paid
INV00151,CUST0013,SUB0013,2025-09-28,2025-09-28,2025-09-30,19.99,paid
INV00152,CUST0013,SUB0013,2025-10-28,2025-10-28,2025-10-31,19.99,paid
INV00153,CUST0013,SUB0013,2025-11-28,2025-11-28,2025-11-30,19.99,paid
INV00154,CUST0013,SUB0013,2025-12-28,2025-12-28,2025-12-31,19.99,paid
INV00155,CUST0014,SUB0014,2025-01-18,2025-01-18,2025-01-31,49.99,paid
INV00156,CUST0014,SUB0014,2025-02-18,2025-02-18,2025-02-28,49.99,paid
INV00157,CUST0014,SUB0014,2025-03-18,2025-03-18,2025-03-31,49.99,paid
INV00158,CUST0014,SUB0014,2025-04-18,2025-04-18,2025-04-30,49.99,paid
INV00159,CUST0014,SUB0014,2025-05-18,2025-05-18,2025-05-31,49.99,paid
INV00160,CUST0014,SUB0014,2025-06-18,2025-06-18,2025-06-30,49.99,failed
INV00161,CUST0014,SUB0014,2025-07-18,2025-07-18,2025-07-31,49.99,paid
INV00162,CUST0014,SUB0014,2025-08-18,2025-08-18,2025-08-31,49.99,paid
INV00163,CUST0014,SUB0014,2025-09-18,2025-09-18,2025-09-30,49.99,paid
INV00164,CUST0014,SUB0014,2025-10-18,2025-10-18,2025-10-31,49.99,paid
INV00165,CUST0014,SUB0014,2025-11-18,2025-11-18,2025-11-30,49.99,paid
INV00166,CUST0014,SUB0014,2025-12-18,2025-12-18,2025-12-31,49.99,paid
INV00167,CUST0015,SUB0015,2024-03-25,2024-03-25,2024-03-31,19.99,paid
INV00168,CUST0015,SUB0015,2024-04-25,2024-04-25,2024-04-30,19.99,paid
INV00169,CUST0015,SUB0015,2024-05-25,2024-05-25,2024-05-31,19.99,paid
INV00170,CUST0015,SUB0015,2024-06-25,2024-06-25,2024-06-30,19.99,paid
INV00171,CUST0015,SUB0015,2024-07-25,2024-07-25,2024-07-31,19.99,paid
INV00172,CUST0015,SUB0015,2024-08-25,2024-08-25,2024-08-31,19.99,paid
INV00173,CUST0015,SUB0015,2024-09-25,2024-09-25,2024-09-30,19.99,paid
INV00174,CUST0015,SUB0015,2024-10-25,2024-10-25,2024-10-31,19.99,paid
INV00175,CUST0015,SUB0015,2024-11-25,2024-11-25,2024-11-30,19.99,paid
INV00176,CUST0015,SUB0015,2024-12-25,2024-12-25,2024-12-31,19.99,paid
INV00177,CUST0015,SUB0015,2025-01-25,2025-01-25,2025-01-31,19.99,failed
INV00178,CUST0015,SUB0015,2025-02-25,2025-02-25,2025-02-28,19.99,paid
INV00179,CUST0015,SUB0015,2025-03-25,2025-03-25,2025-03-31,19.99,paid
INV00180,CUST0015,SUB0015,2025-04-25,2025-04-25,2025-04-30,19.99,paid
INV00181,CUST0015,SUB0015,2025-05-25,2025-05-25,2025-05-31,19.99,paid
INV00182,CUST0015,SUB0015,2025-06-25,2025-06-25,2025-06-30,19.99,paid
INV00183,CUST0015,SUB0015,2025-07-25,2025-07-25,2025-07-31,19.99,paid
INV00184,CUST0015,SUB0015,2025-08-25,2025-08-25,2025-08-31,19.99,paid
INV00185,CUST0015,SUB0015,2025-09-25,2025-09-25,2025-09-30,19.99,paid
INV00186,CUST0015,SUB0015,2025-10-25,2025-10-25,2025-10-31,19.99,paid
INV00187,CUST0015,SUB0015,2025-11-25,2025-11-25,2025-11-30,19.99,failed
INV00188,CUST0015,SUB0015,2025-12-25,2025-12-25,2025-12-31,19.99,paid
INV00189,CUST0016,SUB0016,2024-07-11,2024-07-11,2024-07-31,49.99,paid
INV00190,CUST0016,SUB0016,2024-08-11,2024-08-11,2024-08-31,49.99,paid
INV00191,CUST0016,SUB0016,2024-09-11,2024-09-11,2024-09-30,49.99,paid
INV00192,CUST0016,SUB0016,2024-10-11,2024-10-11,2024-10-31,49.99,paid
INV00193,CUST0016,SUB0016,2024-11-11,2024-11-11,2024-11-30,49.99,paid
INV00194,CUST0016,SUB0016,2024-12-11,2024-12-11,2024-12-31,49.99,paid
INV00195,CUST0016,SUB0016,2025-01-11,2025-01-11,2025-01-31,49.99,paid
INV00196,CUST0016,SUB0016,2025-02-11,2025-02-11,2025-02-28,49.99,paid
INV00197,CUST0016,SUB0016,2025-03-11,2025-03-11,2025-03-31,49.99,paid
INV00198,CUST0016,SUB0016,2025-04-11,2025-04-11,2025-04-30,49.99,paid
INV00199,CUST0016,SUB0016,2025-05-11,2025-05-11,2025-05-31,49.99,paid
INV00200,CUST0016,SUB0016,2025-06-11,2025-06-11,2025-06-30,49.99,paid
INV00201,CUST0016,SUB0016,2025-07-11,2025-07-11,2025-07-31,49.99,paid
INV00202,CUST0016,SUB0016,2025-08-11,2025-08-11,2025-08-31,49.99,paid
INV00203,CUST0016,SUB0016,2025-09-11,2025-09-11,2025-09-30,49.99,paid
INV00204,CUST0016,SUB0016,2025-10-11,2025-10-11,2025-10-31,49.99,paid
INV00205,CUST0016,SUB0016,2025-11-11,2025-11-11,2025-11-30,49.99,paid
INV00206,CUST0016,SUB0016,2025-12-11,2025-12-11,2025-12-31,49.99,paid
INV00207,CUST0017,SUB0017,2024-01-12,2024-01-12,2024-01-31,49.99,paid
INV00208,CUST0017,SUB0017,2024-02-12,2024-02-12,2024-02-29,49.99,paid
INV00209,CUST0017,SUB0017,2024-03-12,2024-03-12,2024-03-31,49.99,failed
INV00210,CUST0017,SUB0017,2024-04-12,2024-04-12,2024-04-30,49.99,failed
INV00211,CUST0017,SUB0017,2024-05-12,2024-05-12,2024-05-31,49.99,paid
INV00212,CUST0017,SUB0017,2024-06-12,2024-06-12,2024-06-30,49.99,paid
INV00213,CUST0017,SUB0017,2024-07-12,2024-07-12,2024-07-31,49.99,paid
INV00214,CUST0017,SUB0017,2024-08-12,2024-08-12,2024-08-31,49.99,paid
INV00215,CUST0017,SUB0017,2024-09-12,2024-09-12,2024-09-30,49.99,paid
INV00216,CUST0017,SUB0017,2024-10-12,2024-10-12,2024-10-31,49.99,paid
INV00217,CUST0017,SUB0017,2024-11-12,2024-11-12,2024-11-30,49.99,paid
INV00218,CUST0017,SUB0017,2024-12-12,2024-12-12,2024-12-31,49.99,failed
INV00219,CUST0017,SUB0017,2025-01-12,2025-01-12,2025-01-31,49.99,paid
INV00220,CUST0017,SUB0017,2025-02-12,2025-02-12,2025-02-28,49.99,paid
INV00221,CUST0017,SUB0017,2025-03-12,2025-03-12,2025-03-31,49.99,paid
INV00222,CUST0017,SUB0017,2025-04-12,2025-04-12,2025-04-30,49.99,failed
INV00223,CUST0017,SUB0017,2025-05-12,2025-05-12,2025-05-31,49.99,paid
INV00224,CUST0017,SUB0017,2025-06-12,2025-06-12,2025-06-30,49.99,paid
INV00225,CUST0017,SUB0017,2025-07-12,2025-07-12,2025-07-31,49.99,paid
INV00226,CUST0017,SUB0017,2025-08-12,2025-08-12,2025-08-31,49.99,paid
INV00227,CUST0017,SUB0017,2025-09-12,2025-09-12,2025-09-30,49.99,paid
INV00228,CUST0017,SUB0017,2025-10-12,2025-10-12,2025-10-31,49.99,paid
INV00229,CUST0017,SUB0017,2025-11-12,2025-11-12,2025-11-30,49.99,paid
INV00230,CUST0017,SUB0017,2025-12-12,2025-12-12,2025-12-31,49.99,paid
INV00231,CUST0018,SUB0018,2024-06-19,2024-06-19,2024-06-30,89.99,failed
INV00232,CUST0018,SUB0018,2024-07-19,2024-07-19,2024-07-31,89.99,paid
INV00233,CUST0018,SUB0018,2024-08-19,2024-08-19,2024-08-31,89.99,paid
INV00234,CUST0018,SUB0018,2024-09-19,2024-09-19,2024-09-30,89.99,paid
INV00235,CUST0018,SUB0018,2024-10-19,2024-10-19,2024-10-31,89.99,failed
INV00236,CUST0018,SUB0018,2024-11-19,2024-11-19,2024-11-30,89.99,paid
INV00237,CUST0018,SUB0018,2024-12-19,2024-12-19,2024-12-31,89.99,failed
INV00238,CUST0018,SUB0018,2025-01-19,2025-01-19,2025-01-31,89.99,paid
INV00239,CUST0018,SUB0018,2025-02-19,2025-02-19,2025-02-28,89.99,paid
INV00240,CUST0018,SUB0018,2025-03-19,2025-03-19,2025-03-31,89.99,paid
INV00241,CUST0018,SUB0018,2025-04-19,2025-04-19,2025-04-30,89.99,paid
INV00242,CUST0018,SUB0018,2025-05-19,2025-05-19,2025-05-31,89.99,paid
INV00243,CUST0018,SUB0018,2025-06-19,2025-06-19,2025-06-30,89.99,paid
INV00244,CUST0018,SUB0018,2025-07-19,2025-07-19,2025-07-31,89.99,paid
INV00245,CUST0018,SUB0018,2025-08-19,2025-08-19,2025-08-31,89.99,paid
INV00246,CUST0018,SUB0018,2025-09-19,2025-09-19,2025-09-30,89.99,paid
INV00247,CUST0018,SUB0018,2025-10-19,2025-10-19,2025-10-31,89.99,failed
INV00248,CUST0018,SUB0018,2025-11-19,2025-11-19,2025-11-30,89.99,paid
INV00249,CUST0018,SUB0018,2025-12-19,2025-12-19,2025-12-31,89.99,paid
INV00250,CUST0019,SUB0019,2025-01-17,2025-01-17,2025-01-31,19.99,paid
INV00251,CUST0019,SUB0019,2025-02-17,2025-02-17,2025-02-28,19.99,paid
INV00252,CUST0019,SUB0019,2025-03-17,2025-03-17,2025-03-31,19.99,paid
INV00253,CUST0019,SUB0019,2025-04-17,2025-04-17,2025-04-30,19.99,paid
INV00254,CUST0019,SUB0019,2025-05-17,2025-05-17,2025-05-31,19.99,paid
INV00255,CUST0019,SUB0019,2025-06-17,2025-06-17,2025-06-30,19.99,paid
INV00256,CUST0019,SUB0019,2025-07-17,2025-07-17,2025-07-31,19.99,paid
INV00257,CUST0019,SUB0019,2025-08-17,2025-08-17,2025-08-31,19.99,paid
INV00258,CUST0020,SUB0020,2024-06-16,2024-06-16,2024-06-30,49.99,failed
INV00259,CUST0020,SUB0020,2024-07-16,2024-07-16,2024-07-31,49.99,paid
INV00260,CUST0020,SUB0020,2024-08-16,2024-08-16,2024-08-31,49.99,paid
INV00261,CUST0020,SUB0020,2024-09-16,2024-09-16,2024-09-30,49.99,paid
INV00262,CUST0020,SUB0020,2024-10-16,2024-10-16,2024-10-31,49.99,paid
INV00263,CUST0020,SUB0020,2024-11-16,2024-11-16,2024-11-30,49.99,paid
INV00264,CUST0020,SUB0020,2024-12-16,2024-12-16,2024-12-31,49.99,paid
INV00265,CUST0020,SUB0020,2025-01-16,2025-01-16,2025-01-31,49.99,paid
INV00266,CUST0020,SUB0020,2025-02-16,2025-02-16,2025-02-28,49.99,paid
INV00267,CUST0020,SUB0020,2025-03-16,2025-03-16,2025-03-31,49.99,paid
INV00268,CUST0020,SUB0020,2025-04-16,2025-04-16,2025-04-30,49.99,paid
INV00269,CUST0020,SUB0020,2025-05-16,2025-05-16,2025-05-31,49.99,paid
INV00270,CUST0020,SUB0020,2025-06-16,2025-06-16,2025-06-30,49.99,paid
INV00271,CUST0020,SUB0020,2025-07-16,2025-07-16,2025-07-31,49.99,paid
INV00272,CUST0020,SUB0020,2025-08-16,2025-08-16,2025-08-31,49.99,paid
INV00273,CUST0020,SUB0020,2025-09-16,2025-09-16,2025-09-30,49.99,paid
INV00274,CUST0020,SUB0020,2025-10-16,2025-10-16,2025-10-31,49.99,paid
INV00275,CUST0020,SUB0020,2025-11-16,2025-11-16,2025-11-30,49.99,paid
INV00276,CUST0020,SUB0020,2025-12-16,2025-12-16,2025-12-31,49.99,paid
INV00277,CUST0021,SUB0021,2024-06-10,2024-06-10,2024-06-30,19.99,paid
INV00278,CUST0021,SUB0021,2024-07-10,2024-07-10,2024-07-31,19.99,paid
INV00279,CUST0021,SUB0021,2024-08-10,2024-08-10,2024-08-31,19.99,paid
INV00280,CUST0021,SUB0021,2024-09-10,2024-09-10,2024-09-30,19.99,paid
INV00281,CUST0021,SUB0021,2024-10-10,2024-10-10,2024-10-31,19.99,paid
INV00282,CUST0021,SUB0021,2024-11-10,2024-11-10,2024-11-30,19.99,paid
INV00283,CUST0021,SUB0021,2024-12-10,2024-12-10,2024-12-31,19.99,paid
INV00284,CUST0021,SUB0021,2025-01-10,2025-01-10,2025-01-31,19.99,paid
INV00285,CUST0021,SUB0021,2025-02-10,2025-02-10,2025-02-28,19.99,paid
INV00286,CUST0021,SUB0021,2025-03-10,2025-03-10,2025-03-31,19.99,paid
INV00287,CUST0021,SUB0021,2025-04-10,2025-04-10,2025-04-30,19.99,paid
INV00288,CUST0021,SUB0021,2025-05-10,2025-05-10,2025-05-31,19.99,paid
INV00289,CUST0021,SUB0021,2025-06-10,2025-06-10,2025-06-30,19.99,paid
INV00290,CUST0021,SUB0021,2025-07-10,2025-07-10,2025-07-31,19.99,paid
INV00291,CUST0021,SUB0021,2025-08-10,2025-08-10,2025-08-31,19.99,paid
INV00292,CUST0021,SUB0021,2025-09-10,2025-09-10,2025-09-30,19.99,paid
INV00293,CUST0021,SUB0021,2025-10-10,2025-10-10,2025-10-31,19.99,failed
INV00294,CUST0021,SUB0021,2025-11-10,2025-11-10,2025-11-30,19.99,paid
INV00295,CUST0021,SUB0021,2025-12-10,2025-12-10,2025-12-31,19.99,paid
INV00296,CUST0022,SUB0022,2024-07-05,2024-07-05,2024-07-31,49.99,paid
INV00297,CUST0022,SUB0022,2024-08-05,2024-08-05,2024-08-31,49.99,paid
INV00298,CUST0022,SUB0022,2024-09-05,2024-09-05,2024-09-30,49.99,paid
INV00299,CUST0023,SUB0023,2024-06-14,2024-06-14,2024-06-30,49.99,paid
INV00300,CUST0023,SUB0023,2024-07-14,2024-07-14,2024-07-31,49.99,paid
INV00301,CUST0023,SUB0023,2024-08-14,2024-08-14,2024-08-31,49.99,paid
INV00302,CUST0023,SUB0023,2024-09-14,2024-09-14,2024-09-30,49.99,paid
INV00303,CUST0023,SUB0023,2024-10-14,2024-10-14,2024-10-31,49.99,failed
INV00304,CUST0023,SUB0023,2024-11-14,2024-11-14,2024-11-30,49.99,paid
INV00305,CUST0023,SUB0023,2024-12-14,2024-12-14,2024-12-31,49.99,paid
INV00306,CUST0023,SUB0023,2025-01-14,2025-01-14,2025-01-31,49.99,paid
INV00307,CUST0023,SUB0023,2025-02-14,2025-02-14,2025-02-28,49.99,paid
INV00308,CUST0023,SUB0023,2025-03-14,2025-03-14,2025-03-31,49.99,paid
INV00309,CUST0023,SUB0023,2025-04-14,2025-04-14,2025-04-30,49.99,paid
INV00310,CUST0023,SUB0023,2025-05-14,2025-05-14,2025-05-31,49.99,paid
INV00311,CUST0023,SUB0023,2025-06-14,2025-06-14,2025-06-30,49.99,paid
INV00312,CUST0023,SUB0023,2025-07-14,2025-07-14,2025-07-31,49.99,failed
INV00313,CUST0023,SUB0023,2025-08-14,2025-08-14,2025-08-31,49.99,paid
INV00314,CUST0023,SUB0023,2025-09-14,2025-09-14,2025-09-30,49.99,paid
INV00315,CUST0023,SUB0023,2025-10-14,2025-10-14,2025-10-31,49.99,paid
INV00316,CUST0023,SUB0023,2025-11-14,2025-11-14,2025-11-30,49.99,paid
INV00317,CUST0023,SUB0023,2025-12-14,2025-12-14,2025-12-31,49.99,paid
INV00318,CUST0024,SUB0024,2024-06-03,2024-06-03,2024-06-30,19.99,paid
INV00319,CUST0024,SUB0024,2024-07-03,2024-07-03,2024-07-31,19.99,paid
INV00320,CUST0024,SUB0024,2024-08-03,2024-08-03,2024-08-31,19.99,paid
INV00321,CUST0024,SUB0024,2024-09-03,2024-09-03,2024-09-30,19.99,paid
INV00322,CUST0024,SUB0024,2024-10-03,2024-10-03,2024-10-31,19.99,failed
INV00323,CUST0025,SUB0025,2025-05-04,2025-05-04,2025-05-31,49.99,paid
INV00324,CUST0025,SUB0025,2025-06-04,2025-06-04,2025-06-30,49.99,paid
INV00325,CUST0025,SUB0025,2025-07-04,2025-07-04,2025-07-31,49.99,paid
INV00326,CUST0025,SUB0025,2025-08-04,2025-08-04,2025-08-31,49.99,paid
INV00327,CUST0025,SUB0025,2025-09-04,2025-09-04,2025-09-30,49.99,paid
INV00328,CUST0025,SUB0025,2025-10-04,2025-10-04,2025-10-31,49.99,paid
INV00329,CUST0025,SUB0025,2025-11-04,2025-11-04,2025-11-30,49.99,paid
INV00330,CUST0025,SUB0025,2025-12-04,2025-12-04,2025-12-31,49.99,paid
INV00331,CUST0026,SUB0026,2025-06-23,2025-06-23,2025-06-30,19.99,paid
INV00332,CUST0026,SUB0026,2025-07-23,2025-07-23,2025-07-31,19.99,paid
INV00333,CUST0026,SUB0026,2025-08-23,2025-08-23,2025-08-31,19.99,paid
INV00334,CUST0026,SUB0026,2025-09-23,2025-09-23,2025-09-30,19.99,paid
INV00335,CUST0026,SUB0026,2025-10-23,2025-10-23,2025-10-31,19.99,paid
INV00336,CUST0026,SUB0026,2025-11-23,2025-11-23,2025-11-30,19.99,paid
INV00337,CUST0026,SUB0026,2025-12-23,2025-12-23,2025-12-31,19.99,paid
INV00338,CUST0027,SUB0027,2025-03-13,2025-03-13,2025-03-31,19.99,paid
INV00339,CUST0027,SUB0027,2025-04-13,2025-04-13,2025-04-30,19.99,paid
INV00340,CUST0027,SUB0027,2025-05-13,2025-05-13,2025-05-31,19.99,paid
INV00341,CUST0027,SUB0027,2025-06-13,2025-06-13,2025-06-30,19.99,paid
INV00342,CUST0027,SUB0027,2025-07-13,2025-07-13,2025-07-31,19.99,paid
INV00343,CUST0027,SUB0027,2025-08-13,2025-08-13,2025-08-31,19.99,paid
INV00344,CUST0028,SUB0028,2024-09-07,2024-09-07,2024-09-30,19.99,paid
INV00345,CUST0028,SUB0028,2024-10-07,2024-10-07,2024-10-31,19.99,failed
INV00346,CUST0028,SUB0028,2024-11-07,2024-11-07,2024-11-30,19.99,paid
INV00347,CUST0028,SUB0028,2024-12-07,2024-12-07,2024-12-31,19.99,failed
INV00348,CUST0028,SUB0028,2025-01-07,2025-01-07,2025-01-31,19.99,paid
INV00349,CUST0028,SUB0028,2025-02-07,2025-02-07,2025-02-28,19.99,paid
INV00350,CUST0029,SUB0029,2025-04-06,2025-04-06,2025-04-30,49.99,paid
INV00351,CUST0029,SUB0029,2025-05-06,2025-05-06,2025-05-31,49.99,paid
INV00352,CUST0029,SUB0029,2025-06-06,2025-06-06,2025-06-30,49.99,paid
INV00353,CUST0029,SUB0029,2025-07-06,2025-07-06,2025-07-31,49.99,paid
INV00354,CUST0029,SUB0029,2025-08-06,2025-08-06,2025-08-31,49.99,paid
INV00355,CUST0029,SUB0029,2025-09-06,2025-09-06,2025-09-30,49.99,paid
INV00356,CUST0029,SUB0029,2025-10-06,2025-10-06,2025-10-31,49.99,paid
INV00357,CUST0029,SUB0029,2025-11-06,2025-11-06,2025-11-30,49.99,paid
INV00358,CUST0029,SUB0029,2025-12-06,2025-12-06,2025-12-31,49.99,paid
INV00359,CUST0030,SUB0030,2024-11-14,2024-11-14,2024-11-30,19.99,paid
INV00360,CUST0030,SUB0030,2024-12-14,2024-12-14,2024-12-31,19.99,paid
INV00361,CUST0030,SUB0030,2025-01-14,2025-01-14,2025-01-31,19.99,paid
INV00362,CUST0030,SUB0030,2025-02-14,2025-02-14,2025-02-28,19.99,paid
INV00363,CUST0030,SUB0030,2025-03-14,2025-03-14,2025-03-31,19.99,paid
INV00364,CUST0030,SUB0030,2025-04-14,2025-04-14,2025-04-30,19.99,paid
INV00365,CUST0030,SUB0030,2025-05-14,2025-05-14,2025-05-31,19.99,failed
INV00366,CUST0030,SUB0030,2025-06-14,2025-06-14,2025-06-30,19.99,paid
INV00367,CUST0030,SUB0030,2025-07-14,2025-07-14,2025-07-31,19.99,paid
INV00368,CUST0030,SUB0030,2025-08-14,2025-08-14,2025-08-31,19.99,paid
INV00369,CUST0030,SUB0030,2025-09-14,2025-09-14,2025-09-30,19.99,paid
INV00370,CUST0030,SUB0030,2025-10-14,2025-10-14,2025-10-31,19.99,paid
INV00371,CUST0030,SUB0030,2025-11-14,2025-11-14,2025-11-30,19.99,paid
INV00372,CUST0030,SUB0030,2025-12-14,2025-12-14,2025-12-31,19.99,paid
INV00373,CUST0031,SUB0031,2025-02-21,2025-02-21,2025-02-28,19.99,paid
INV00374,CUST0031,SUB0031,2025-03-21,2025-03-21,2025-03-31,19.99,paid
INV00375,CUST0031,SUB0031,2025-04-21,2025-04-21,2025-04-30,19.99,paid
INV00376,CUST0031,SUB0031,2025-05-21,2025-05-21,2025-05-31,19.99,paid
INV00377,CUST0031,SUB0031,2025-06-21,2025-06-21,2025-06-30,19.99,paid
INV00378,CUST0031,SUB0031,2025-07-21,2025-07-21,2025-07-31,19.99,paid
INV00379,CUST0031,SUB0031,2025-08-21,2025-08-21,2025-08-31,19.99,paid
INV00380,CUST0031,SUB0031,2025-09-21,2025-09-21,2025-09-30,19.99,paid
INV00381,CUST0032,SUB0032,2025-04-08,2025-04-08,2025-04-30,49.99,paid
INV00382,CUST0032,SUB0032,2025-05-08,2025-05-08,2025-05-31,49.99,paid
INV00383,CUST0032,SUB0032,2025-06-08,2025-06-08,2025-06-30,49.99,paid
INV00384,CUST0033,SUB0033,2024-03-18,2024-03-18,2024-03-31,19.99,paid
INV00385,CUST0033,SUB0033,2024-04-18,2024-04-18,2024-04-30,19.99,paid
INV00386,CUST0033,SUB0033,2024-05-18,2024-05-18,2024-05-31,19.99,paid
INV00387,CUST0033,SUB0033,2024-06-18,2024-06-18,2024-06-30,19.99,paid
INV00388,CUST0033,SUB0033,2024-07-18,2024-07-18,2024-07-31,19.99,paid
INV00389,CUST0034,SUB0034,2024-10-20,2024-10-20,2024-10-31,19.99,paid
INV00390,CUST0034,SUB0034,2024-11-20,2024-11-20,2024-11-30,19.99,failed
INV00391,CUST0034,SUB0034,2024-12-20,2024-12-20,2024-12-31,19.99,paid
INV00392,CUST0034,SUB0034,2025-01-20,2025-01-20,2025-01-31,19.99,paid
INV00393,CUST0034,SUB0034,2025-02-20,2025-02-20,2025-02-28,19.99,paid
INV00394,CUST0034,SUB0034,2025-03-20,2025-03-20,2025-03-31,19.99,paid
INV00395,CUST0034,SUB0034,2025-04-20,2025-04-20,2025-04-30,19.99,paid
INV00396,CUST0034,SUB0034,2025-05-20,2025-05-20,2025-05-31,19.99,paid
INV00397,CUST0034,SUB0034,2025-06-20,2025-06-20,2025-06-30,19.99,paid
INV00398,CUST0034,SUB0034,2025-07-20,2025-07-20,2025-07-31,19.99,paid
INV00399,CUST0034,SUB0034,2025-08-20,2025-08-20,2025-08-31,19.99,paid
INV00400,CUST0034,SUB0034,2025-09-20,2025-09-20,2025-09-30,19.99,paid
INV00401,CUST0034,SUB0034,2025-10-20,2025-10-20,2025-10-31,19.99,paid
INV00402,CUST0034,SUB0034,2025-11-20,2025-11-20,2025-11-30,19.99,paid
INV00403,CUST0034,SUB0034,2025-12-20,2025-12-20,2025-12-31,19.99,paid
INV00404,CUST0035,SUB0035,2024-12-04,2024-12-04,2024-12-31,89.99,paid
INV00405,CUST0035,SUB0035,2025-01-04,2025-01-04,2025-01-31,89.99,paid
INV00406,CUST0035,SUB0035,2025-02-04,2025-02-04,2025-02-28,89.99,paid
INV00407,CUST0035,SUB0035,2025-03-04,2025-03-04,2025-03-31,89.99,failed
INV00408,CUST0035,SUB0035,2025-04-04,2025-04-04,2025-04-30,89.99,paid
INV00409,CUST0035,SUB0035,2025-05-04,2025-05-04,2025-05-31,89.99,failed
INV00410,CUST0035,SUB0035,2025-06-04,2025-06-04,2025-06-30,89.99,paid
INV00411,CUST0035,SUB0035,2025-07-04,2025-07-04,2025-07-31,89.99,paid
INV00412,CUST0035,SUB0035,2025-08-04,2025-08-04,2025-08-31,89.99,paid
INV00413,CUST0035,SUB0035,2025-09-04,2025-09-04,2025-09-30,89.99,failed
INV00414,CUST0035,SUB0035,2025-10-04,2025-10-04,2025-10-31,89.99,paid
INV00415,CUST0035,SUB0035,2025-11-04,2025-11-04,2025-11-30,89.99,paid
INV00416,CUST0035,SUB0035,2025-12-04,2025-12-04,2025-12-31,89.99,paid
INV00417,CUST0036,SUB0036,2024-11-27,2024-11-27,2024-11-30,19.99,paid
INV00418,CUST0036,SUB0036,2024-12-27,2024-12-27,2024-12-31,19.99,paid
INV00419,CUST0036,SUB0036,2025-01-27,2025-01-27,2025-01-31,19.99,failed
INV00420,CUST0036,SUB0036,2025-02-27,2025-02-27,2025-02-28,19.99,failed
INV00421,CUST0036,SUB0036,2025-03-27,2025-03-27,2025-03-31,19.99,paid
INV00422,CUST0036,SUB0036,2025-04-27,2025-04-27,2025-04-30,19.99,paid
INV00423,CUST0036,SUB0036,2025-05-27,2025-05-27,2025-05-31,19.99,failed
INV00424,CUST0036,SUB0036,2025-06-27,2025-06-27,2025-06-30,19.99,paid
INV00425,CUST0036,SUB0036,2025-07-27,2025-07-27,2025-07-31,19.99,paid
INV00426,CUST0036,SUB0036,2025-08-27,2025-08-27,2025-08-31,19.99,paid
INV00427,CUST0036,SUB0036,2025-09-27,2025-09-27,2025-09-30,19.99,paid
INV00428,CUST0036,SUB0036,2025-10-27,2025-10-27,2025-10-31,19.99,paid
INV00429,CUST0036,SUB0036,2025-11-27,2025-11-27,2025-11-30,19.99,paid
INV00430,CUST0036,SUB0036,2025-12-27,2025-12-27,2025-12-31,19.99,paid
INV00431,CUST0037,SUB0037,2024-04-14,2024-04-14,2024-04-30,49.99,paid
INV00432,CUST0037,SUB0037,2024-05-14,2024-05-14,2024-05-31,49.99,paid
INV00433,CUST0037,SUB0037,2024-06-14,2024-06-14,2024-06-30,49.99,paid
INV00434,CUST0037,SUB0037,2024-07-14,2024-07-14,2024-07-31,49.99,paid
INV00435,CUST0037,SUB0037,2024-08-14,2024-08-14,2024-08-31,49.99,failed
INV00436,CUST0037,SUB0037,2024-09-14,2024-09-14,2024-09-30,49.99,paid
INV00437,CUST0037,SUB0037,2024-10-14,2024-10-14,2024-10-31,49.99,paid
INV00438,CUST0037,SUB0037,2024-11-14,2024-11-14,2024-11-30,49.99,paid
INV00439,CUST0037,SUB0037,2024-12-14,2024-12-14,2024-12-31,49.99,paid
INV00440,CUST0037,SUB0037,2025-01-14,2025-01-14,2025-01-31,49.99,paid
INV00441,CUST0037,SUB0037,2025-02-14,2025-02-14,2025-02-28,49.99,paid
INV00442,CUST0037,SUB0037,2025-03-14,2025-03-14,2025-03-31,49.99,paid
INV00443,CUST0037,SUB0037,2025-04-14,2025-04-14,2025-04-30,49.99,paid
INV00444,CUST0037,SUB0037,2025-05-14,2025-05-14,2025-05-31,49.99,paid
INV00445,CUST0037,SUB0037,2025-06-14,2025-06-14,2025-06-30,49.99,paid
INV00446,CUST0037,SUB0037,2025-07-14,2025-07-14,2025-07-31,49.99,paid
INV00447,CUST0037,SUB0037,2025-08-14,2025-08-14,2025-08-31,49.99,failed
INV00448,CUST0037,SUB0037,2025-09-14,2025-09-14,2025-09-30,49.99,paid
INV00449,CUST0037,SUB0037,2025-10-14,2025-10-14,2025-10-31,49.99,paid
INV00450,CUST0037,SUB0037,2025-11-14,2025-11-14,2025-11-30,49.99,paid
INV00451,CUST0037,SUB0037,2025-12-14,2025-12-14,2025-12-31,49.99,paid
INV00452,CUST0038,SUB0038,2025-05-14,2025-05-14,2025-05-31,19.99,paid
INV00453,CUST0038,SUB0038,2025-06-14,2025-06-14,2025-06-30,19.99,paid
INV00454,CUST0038,SUB0038,2025-07-14,2025-07-14,2025-07-31,19.99,failed
INV00455,CUST0038,SUB0038,2025-08-14,2025-08-14,2025-08-31,19.99,paid
INV00456,CUST0038,SUB0038,2025-09-14,2025-09-14,2025-09-30,19.99,paid
INV00457,CUST0038,SUB0038,2025-10-14,2025-10-14,2025-10-31,19.99,paid
INV00458,CUST0038,SUB0038,2025-11-14,2025-11-14,2025-11-30,19.99,paid
INV00459,CUST0039,SUB0039,2024-07-29,2024-07-29,2024-07-31,89.99,paid
INV00460,CUST0039,SUB0039,2024-08-29,2024-08-29,2024-08-31,89.99,paid
INV00461,CUST0039,SUB0039,2024-09-29,2024-09-29,2024-09-30,89.99,paid
INV00462,CUST0039,SUB0039,2024-10-29,2024-10-29,2024-10-31,89.99,paid
INV00463,CUST0039,SUB0039,2024-11-29,2024-11-29,2024-11-30,89.99,paid
INV00464,CUST0039,SUB0039,2024-12-29,2024-12-29,2024-12-31,89.99,paid
INV00465,CUST0040,SUB0040,2024-02-10,2024-02-10,2024-02-29,89.99,paid
INV00466,CUST0040,SUB0040,2024-03-10,2024-03-10,2024-03-31,89.99,paid
INV00467,CUST0040,SUB0040,2024-04-10,2024-04-10,2024-04-30,89.99,paid
INV00468,CUST0040,SUB0040,2024-05-10,2024-05-10,2024-05-31,89.99,paid
INV00469,CUST0040,SUB0040,2024-06-10,2024-06-10,2024-06-30,89.99,paid
INV00470,CUST0040,SUB0040,2024-07-10,2024-07-10,2024-07-31,89.99,paid
INV00471,CUST0040,SUB0040,2024-08-10,2024-08-10,2024-08-31,89.99,paid
INV00472,CUST0040,SUB0040,2024-09-10,2024-09-10,2024-09-30,89.99,paid
INV00473,CUST0040,SUB0040,2024-10-10,2024-10-10,2024-10-31,89.99,paid
INV00474,CUST0040,SUB0040,2024-11-10,2024-11-10,2024-11-30,89.99,paid
INV00475,CUST0040,SUB0040,2024-12-10,2024-12-10,2024-12-31,89.99,failed
INV00476,CUST0040,SUB0040,2025-01-10,2025-01-10,2025-01-31,89.99,paid
INV00477,CUST0040,SUB0040,2025-02-10,2025-02-10,2025-02-28,89.99,paid
INV00478,CUST0040,SUB0040,2025-03-10,2025-03-10,2025-03-31,89.99,paid
INV00479,CUST0040,SUB0040,2025-04-10,2025-04-10,2025-04-30,89.99,paid
INV00480,CUST0040,SUB0040,2025-05-10,2025-05-10,2025-05-31,89.99,paid
INV00481,CUST0040,SUB0040,2025-06-10,2025-06-10,2025-06-30,89.99,paid
INV00482,CUST0040,SUB0040,2025-07-10,2025-07-10,2025-07-31,89.99,paid
INV00483,CUST0040,SUB0040,2025-08-10,2025-08-10,2025-08-31,89.99,paid
INV00484,CUST0040,SUB0040,2025-09-10,2025-09-10,2025-09-30,89.99,paid
INV00485,CUST0040,SUB0040,2025-10-10,2025-10-10,2025-10-31,89.99,paid
INV00486,CUST0040,SUB0040,2025-11-10,2025-11-10,2025-11-30,89.99,paid
INV00487,CUST0040,SUB0040,2025-12-10,2025-12-10,2025-12-31,89.99,paid
INV00488,CUST0041,SUB0041,2024-12-04,2024-12-04,2024-12-31,19.99,paid
INV00489,CUST0041,SUB0041,2025-01-04,2025-01-04,2025-01-31,19.99,paid
INV00490,CUST0041,SUB0041,2025-02-04,2025-02-04,2025-02-28,19.99,paid
INV00491,CUST0041,SUB0041,2025-03-04,2025-03-04,2025-03-31,19.99,paid
INV00492,CUST0041,SUB0041,2025-04-04,2025-04-04,2025-04-30,19.99,paid
INV00493,CUST0041,SUB0041,2025-05-04,2025-05-04,2025-05-31,19.99,failed
INV00494,CUST0041,SUB0041,2025-06-04,2025-06-04,2025-06-30,19.99,paid
INV00495,CUST0041,SUB0041,2025-07-04,2025-07-04,2025-07-31,19.99,paid
INV00496,CUST0041,SUB0041,2025-08-04,2025-08-04,2025-08-31,19.99,paid
INV00497,CUST0041,SUB0041,2025-09-04,2025-09-04,2025-09-30,19.99,paid
INV00498,CUST0041,SUB0041,2025-10-04,2025-10-04,2025-10-31,19.99,paid
INV00499,CUST0041,SUB0041,2025-11-04,2025-11-04,2025-11-30,19.99,paid
INV00500,CUST0041,SUB0041,2025-12-04,2025-12-04,2025-12-31,19.99,paid
INV00501,CUST0042,SUB0042,2025-03-13,2025-03-13,2025-03-31,49.99,paid
INV00502,CUST0042,SUB0042,2025-04-13,2025-04-13,2025-04-30,49.99,paid
INV00503,CUST0042,SUB0042,2025-05-13,2025-05-13,2025-05-31,49.99,failed
INV00504,CUST0042,SUB0042,2025-06-13,2025-06-13,2025-06-30,49.99,paid
INV00505,CUST0042,SUB0042,2025-07-13,2025-07-13,2025-07-31,49.99,paid
INV00506,CUST0042,SUB0042,2025-08-13,2025-08-13,2025-08-31,49.99,paid
INV00507,CUST0042,SUB0042,2025-09-13,2025-09-13,2025-09-30,49.99,paid
INV00508,CUST0042,SUB0042,2025-10-13,2025-10-13,2025-10-31,49.99,paid
INV00509,CUST0042,SUB0042,2025-11-13,2025-11-13,2025-11-30,49.99,paid
INV00510,CUST0042,SUB0042,2025-12-13,2025-12-13,2025-12-31,49.99,paid
INV00511,CUST0043,SUB0043,2025-03-18,2025-03-18,2025-03-31,19.99,paid
INV00512,CUST0043,SUB0043,2025-04-18,2025-04-18,2025-04-30,19.99,paid
INV00513,CUST0043,SUB0043,2025-05-18,2025-05-18,2025-05-31,19.99,paid
INV00514,CUST0043,SUB0043,2025-06-18,2025-06-18,2025-06-30,19.99,paid
INV00515,CUST0043,SUB0043,2025-07-18,2025-07-18,2025-07-31,19.99,failed
INV00516,CUST0043,SUB0043,2025-08-18,2025-08-18,2025-08-31,19.99,paid
INV00517,CUST0043,SUB0043,2025-09-18,2025-09-18,2025-09-30,19.99,paid
INV00518,CUST0043,SUB0043,2025-10-18,2025-10-18,2025-10-31,19.99,paid
INV00519,CUST0043,SUB0043,2025-11-18,2025-11-18,2025-11-30,19.99,paid
INV00520,CUST0043,SUB0043,2025-12-18,2025-12-18,2025-12-31,19.99,paid
INV00521,CUST0044,SUB0044,2024-08-01,2024-08-01,2024-08-31,89.99,failed
INV00522,CUST0044,SUB0044,2024-09-01,2024-09-01,2024-09-30,89.99,failed
INV00523,CUST0044,SUB0044,2024-10-01,2024-10-01,2024-10-31,89.99,paid
INV00524,CUST0044,SUB0044,2024-11-01,2024-11-01,2024-11-30,89.99,paid
INV00525,CUST0044,SUB0044,2024-12-01,2024-12-01,2024-12-31,89.99,paid
INV00526,CUST0044,SUB0044,2025-01-01,2025-01-01,2025-01-31,89.99,paid
INV00527,CUST0045,SUB0045,2024-08-05,2024-08-05,2024-08-31,19.99,paid
INV00528,CUST0045,SUB0045,2024-09-05,2024-09-05,2024-09-30,19.99,paid
INV00529,CUST0045,SUB0045,2024-10-05,2024-10-05,2024-10-31,19.99,paid
INV00530,CUST0045,SUB0045,2024-11-05,2024-11-05,2024-11-30,19.99,paid
INV00531,CUST0045,SUB0045,2024-12-05,2024-12-05,2024-12-31,19.99,paid
INV00532,CUST0045,SUB0045,2025-01-05,2025-01-05,2025-01-31,19.99,paid
INV00533,CUST0045,SUB0045,2025-02-05,2025-02-05,2025-02-28,19.99,paid
INV00534,CUST0045,SUB0045,2025-03-05,2025-03-05,2025-03-31,19.99,paid
INV00535,CUST0045,SUB0045,2025-04-05,2025-04-05,2025-04-30,19.99,paid
INV00536,CUST0045,SUB0045,2025-05-05,2025-05-05,2025-05-31,19.99,paid
INV00537,CUST0045,SUB0045,2025-06-05,2025-06-05,2025-06-30,19.99,paid
INV00538,CUST0045,SUB0045,2025-07-05,2025-07-05,2025-07-31,19.99,paid
INV00539,CUST0045,SUB0045,2025-08-05,2025-08-05,2025-08-31,19.99,paid
INV00540,CUST0045,SUB0045,2025-09-05,2025-09-05,2025-09-30,19.99,paid
INV00541,CUST0045,SUB0045,2025-10-05,2025-10-05,2025-10-31,19.99,paid
INV00542,CUST0045,SUB0045,2025-11-05,2025-11-05,2025-11-30,19.99,paid
INV00543,CUST0045,SUB0045,2025-12-05,2025-12-05,2025-12-31,19.99,paid
INV00544,CUST0046,SUB0046,2025-01-03,2025-01-03,2025-01-31,19.99,paid
INV00545,CUST0046,SUB0046,2025-02-03,2025-02-03,2025-02-28,19.99,paid
INV00546,CUST0046,SUB0046,2025-03-03,2025-03-03,2025-03-31,19.99,paid
INV00547,CUST0046,SUB0046,2025-04-03,2025-04-03,2025-04-30,19.99,paid
INV00548,CUST0046,SUB0046,2025-05-03,2025-05-03,2025-05-31,19.99,paid
INV00549,CUST0046,SUB0046,2025-06-03,2025-06-03,2025-06-30,19.99,paid
INV00550,CUST0046,SUB0046,2025-07-03,2025-07-03,2025-07-31,19.99,failed
INV00551,CUST0046,SUB0046,2025-08-03,2025-08-03,2025-08-31,19.99,paid
INV00552,CUST0046,SUB0046,2025-09-03,2025-09-03,2025-09-30,19.99,paid
INV00553,CUST0046,SUB0046,2025-10-03,2025-10-03,2025-10-31,19.99,paid
INV00554,CUST0046,SUB0046,2025-11-03,2025-11-03,2025-11-30,19.99,paid
INV00555,CUST0046,SUB0046,2025-12-03,2025-12-03,2025-12-31,19.99,paid
INV00556,CUST0047,SUB0047,2024-12-06,2024-12-06,2024-12-31,49.99,failed
INV00557,CUST0047,SUB0047,2025-01-06,2025-01-06,2025-01-31,49.99,paid
INV00558,CUST0047,SUB0047,2025-02-06,2025-02-06,2025-02-28,49.99,paid
INV00559,CUST0047,SUB0047,2025-03-06,2025-03-06,2025-03-31,49.99,paid
INV00560,CUST0047,SUB0047,2025-04-06,2025-04-06,2025-04-30,49.99,paid
INV00561,CUST0047,SUB0047,2025-05-06,2025-05-06,2025-05-31,49.99,paid
INV00562,CUST0047,SUB0047,2025-06-06,2025-06-06,2025-06-30,49.99,paid
INV00563,CUST0047,SUB0047,2025-07-06,2025-07-06,2025-07-31,49.99,paid
INV00564,CUST0047,SUB0047,2025-08-06,2025-08-06,2025-08-31,49.99,paid
INV00565,CUST0047,SUB0047,2025-09-06,2025-09-06,2025-09-30,49.99,paid
INV00566,CUST0047,SUB0047,2025-10-06,2025-10-06,2025-10-31,49.99,paid
INV00567,CUST0047,SUB0047,2025-11-06,2025-11-06,2025-11-30,49.99,paid
INV00568,CUST0047,SUB0047,2025-12-06,2025-12-06,2025-12-31,49.99,paid
INV00569,CUST0048,SUB0048,2024-12-04,2024-12-04,2024-12-31,19.99,paid
INV00570,CUST0048,SUB0048,2025-01-04,2025-01-04,2025-01-31,19.99,paid
INV00571,CUST0048,SUB0048,2025-02-04,2025-02-04,2025-02-28,19.99,paid
INV00572,CUST0048,SUB0048,2025-03-04,2025-03-04,2025-03-31,19.99,paid
INV00573,CUST0048,SUB0048,2025-04-04,2025-04-04,2025-04-30,19.99,paid
INV00574,CUST0048,SUB0048,2025-05-04,2025-05-04,2025-05-31,19.99,paid
INV00575,CUST0048,SUB0048,2025-06-04,2025-06-04,2025-06-30,19.99,paid
INV00576,CUST0048,SUB0048,2025-07-04,2025-07-04,2025-07-31,19.99,paid
INV00577,CUST0048,SUB0048,2025-08-04,2025-08-04,2025-08-31,19.99,paid
INV00578,CUST0048,SUB0048,2025-09-04,2025-09-04,2025-09-30,19.99,paid
INV00579,CUST0048,SUB0048,2025-10-04,2025-10-04,2025-10-31,19.99,paid
INV00580,CUST0048,SUB0048,2025-11-04,2025-11-04,2025-11-30,19.99,paid
INV00581,CUST0048,SUB0048,2025-12-04,2025-12-04,2025-12-31,19.99,paid
INV00582,CUST0049,SUB0049,2024-07-10,2024-07-10,2024-07-31,89.99,paid
INV00583,CUST0049,SUB0049,2024-08-10,2024-08-10,2024-08-31,89.99,paid
INV00584,CUST0049,SUB0049,2024-09-10,2024-09-10,2024-09-30,89.99,paid
INV00585,CUST0049,SUB0049,2024-10-10,2024-10-10,2024-10-31,89.99,paid
INV00586,CUST0049,SUB0049,2024-11-10,2024-11-10,2024-11-30,89.99,paid
INV00587,CUST0049,SUB0049,2024-12-10,2024-12-10,2024-12-31,89.99,failed
INV00588,CUST0049,SUB0049,2025-01-10,2025-01-10,2025-01-31,89.99,paid
INV00589,CUST0049,SUB0049,2025-02-10,2025-02-10,2025-02-28,89.99,paid
INV00590,CUST0049,SUB0049,2025-03-10,2025-03-10,2025-03-31,89.99,paid
INV00591,CUST0049,SUB0049,2025-04-10,2025-04-10,2025-04-30,89.99,paid
INV00592,CUST0049,SUB0049,2025-05-10,2025-05-10,2025-05-31,89.99,paid
INV00593,CUST0049,SUB0049,2025-06-10,2025-06-10,2025-06-30,89.99,paid
INV00594,CUST0049,SUB0049,2025-07-10,2025-07-10,2025-07-31,89.99,paid
INV00595,CUST0049,SUB0049,2025-08-10,2025-08-10,2025-08-31,89.99,paid
INV00596,CUST0049,SUB0049,2025-09-10,2025-09-10,2025-09-30,89.99,paid
INV00597,CUST0049,SUB0049,2025-10-10,2025-10-10,2025-10-31,89.99,failed
INV00598,CUST0049,SUB0049,2025-11-10,2025-11-10,2025-11-30,89.99,paid
INV00599,CUST0049,SUB0049,2025-12-10,2025-12-10,2025-12-31,89.99,paid
INV00600,CUST0050,SUB0050,2025-04-09,2025-04-09,2025-04-30,19.99,paid
INV00601,CUST0050,SUB0050,2025-05-09,2025-05-09,2025-05-31,19.99,paid
INV00602,CUST0050,SUB0050,2025-06-09,2025-06-09,2025-06-30,19.99,paid
INV00603,CUST0050,SUB0050,2025-07-09,2025-07-09,2025-07-31,19.99,paid
INV00604,CUST0050,SUB0050,2025-08-09,2025-08-09,2025-08-31,19.99,paid
INV00605,CUST0050,SUB0050,2025-09-09,2025-09-09,2025-09-30,19.99,paid
INV00606,CUST0050,SUB0050,2025-10-09,2025-10-09,2025-10-31,19.99,paid
INV00607,CUST0050,SUB0050,2025-11-09,2025-11-09,2025-11-30,19.99,paid
INV00608,CUST0051,SUB0051,2025-01-13,2025-01-13,2025-01-31,19.99,paid
INV00609,CUST0051,SUB0051,2025-02-13,2025-02-13,2025-02-28,19.99,paid
INV00610,CUST0051,SUB0051,2025-03-13,2025-03-13,2025-03-31,19.99,paid
INV00611,CUST0051,SUB0051,2025-04-13,2025-04-13,2025-04-30,19.99,paid
INV00612,CUST0051,SUB0051,2025-05-13,2025-05-13,2025-05-31,19.99,paid
INV00613,CUST0051,SUB0051,2025-06-13,2025-06-13,2025-06-30,19.99,paid
INV00614,CUST0051,SUB0051,2025-07-13,2025-07-13,2025-07-31,19.99,paid
INV00615,CUST0051,SUB0051,2025-08-13,2025-08-13,2025-08-31,19.99,paid
INV00616,CUST0051,SUB0051,2025-09-13,2025-09-13,2025-09-30,19.99,paid
INV00617,CUST0051,SUB0051,2025-10-13,2025-10-13,2025-10-31,19.99,paid
INV00618,CUST0051,SUB0051,2025-11-13,2025-11-13,2025-11-30,19.99,paid
INV00619,CUST0051,SUB0051,2025-12-13,2025-12-13,2025-12-31,19.99,paid
INV00620,CUST0052,SUB0052,2025-05-19,2025-05-19,2025-05-31,19.99,paid
INV00621,CUST0052,SUB0052,2025-06-19,2025-06-19,2025-06-30,19.99,paid
INV00622,CUST0052,SUB0052,2025-07-19,2025-07-19,2025-07-31,19.99,paid
INV00623,CUST0052,SUB0052,2025-08-19,2025-08-19,2025-08-31,19.99,paid
INV00624,CUST0052,SUB0052,2025-09-19,2025-09-19,2025-09-30,19.99,paid
INV00625,CUST0052,SUB0052,2025-10-19,2025-10-19,2025-10-31,19.99,failed
INV00626,CUST0052,SUB0052,2025-11-19,2025-11-19,2025-11-30,19.99,paid
INV00627,CUST0052,SUB0052,2025-12-19,2025-12-19,2025-12-31,19.99,paid
INV00628,CUST0053,SUB0053,2024-05-09,2024-05-09,2024-05-31,49.99,paid
INV00629,CUST0053,SUB0053,2024-06-09,2024-06-09,2024-06-30,49.99,paid
INV00630,CUST0053,SUB0053,2024-07-09,2024-07-09,2024-07-31,49.99,paid
INV00631,CUST0053,SUB0053,2024-08-09,2024-08-09,2024-08-31,49.99,paid
INV00632,CUST0053,SUB0053,2024-09-09,2024-09-09,2024-09-30,49.99,paid
INV00633,CUST0053,SUB0053,2024-10-09,2024-10-09,2024-10-31,49.99,paid
INV00634,CUST0053,SUB0053,2024-11-09,2024-11-09,2024-11-30,49.99,paid
INV00635,CUST0053,SUB0053,2024-12-09,2024-12-09,2024-12-31,49.99,paid
INV00636,CUST0053,SUB0053,2025-01-09,2025-01-09,2025-01-31,49.99,paid
INV00637,CUST0053,SUB0053,2025-02-09,2025-02-09,2025-02-28,49.99,paid
INV00638,CUST0053,SUB0053,2025-03-09,2025-03-09,2025-03-31,49.99,paid
INV00639,CUST0053,SUB0053,2025-04-09,2025-04-09,2025-04-30,49.99,paid
INV00640,CUST0053,SUB0053,2025-05-09,2025-05-09,2025-05-31,49.99,paid
INV00641,CUST0053,SUB0053,2025-06-09,2025-06-09,2025-06-30,49.99,paid
INV00642,CUST0053,SUB0053,2025-07-09,2025-07-09,2025-07-31,49.99,paid
INV00643,CUST0053,SUB0053,2025-08-09,2025-08-09,2025-08-31,49.99,paid
INV00644,CUST0053,SUB0053,2025-09-09,2025-09-09,2025-09-30,49.99,paid
INV00645,CUST0053,SUB0053,2025-10-09,2025-10-09,2025-10-31,49.99,paid
INV00646,CUST0053,SUB0053,2025-11-09,2025-11-09,2025-11-30,49.99,paid
INV00647,CUST0053,SUB0053,2025-12-09,2025-12-09,2025-12-31,49.99,paid
INV00648,CUST0054,SUB0054,2024-07-30,2024-07-30,2024-07-31,19.99,paid
INV00649,CUST0054,SUB0054,2024-08-30,2024-08-30,2024-08-31,19.99,paid
INV00650,CUST0054,SUB0054,2024-09-30,2024-09-30,2024-09-30,19.99,paid
INV00651,CUST0054,SUB0054,2024-10-30,2024-10-30,2024-10-31,19.99,paid
INV00652,CUST0054,SUB0054,2024-11-30,2024-11-30,2024-11-30,19.99,paid
INV00653,CUST0054,SUB0054,2024-12-30,2024-12-30,2024-12-31,19.99,paid
INV00654,CUST0054,SUB0054,2025-01-30,2025-01-30,2025-01-31,19.99,failed
INV00655,CUST0054,SUB0054,2025-02-28,2025-02-28,2025-02-28,19.99,paid
INV00656,CUST0055,SUB0055,2024-11-18,2024-11-18,2024-11-30,19.99,paid
INV00657,CUST0055,SUB0055,2024-12-18,2024-12-18,2024-12-31,19.99,paid
INV00658,CUST0055,SUB0055,2025-01-18,2025-01-18,2025-01-31,19.99,paid
INV00659,CUST0055,SUB0055,2025-02-18,2025-02-18,2025-02-28,19.99,paid
INV00660,CUST0055,SUB0055,2025-03-18,2025-03-18,2025-03-31,19.99,paid
INV00661,CUST0055,SUB0055,2025-04-18,2025-04-18,2025-04-30,19.99,paid
INV00662,CUST0055,SUB0055,2025-05-18,2025-05-18,2025-05-31,19.99,paid
INV00663,CUST0055,SUB0055,2025-06-18,2025-06-18,2025-06-30,19.99,paid
INV00664,CUST0055,SUB0055,2025-07-18,2025-07-18,2025-07-31,19.99,failed
INV00665,CUST0055,SUB0055,2025-08-18,2025-08-18,2025-08-31,19.99,paid
INV00666,CUST0055,SUB0055,2025-09-18,2025-09-18,2025-09-30,19.99,paid
INV00667,CUST0055,SUB0055,2025-10-18,2025-10-18,2025-10-31,19.99,paid
INV00668,CUST0055,SUB0055,2025-11-18,2025-11-18,2025-11-30,19.99,paid
INV00669,CUST0055,SUB0055,2025-12-18,2025-12-18,2025-12-31,19.99,paid
INV00670,CUST0056,SUB0056,2025-03-13,2025-03-13,2025-03-31,49.99,paid
INV00671,CUST0056,SUB0056,2025-04-13,2025-04-13,2025-04-30,49.99,paid
INV00672,CUST0056,SUB0056,2025-05-13,2025-05-13,2025-05-31,49.99,paid
INV00673,CUST0056,SUB0056,2025-06-13,2025-06-13,2025-06-30,49.99,paid
INV00674,CUST0056,SUB0056,2025-07-13,2025-07-13,2025-07-31,49.99,paid
INV00675,CUST0056,SUB0056,2025-08-13,2025-08-13,2025-08-31,49.99,paid
INV00676,CUST0056,SUB0056,2025-09-13,2025-09-13,2025-09-30,49.99,failed
INV00677,CUST0056,SUB0056,2025-10-13,2025-10-13,2025-10-31,49.99,paid
INV00678,CUST0056,SUB0056,2025-11-13,2025-11-13,2025-11-30,49.99,paid
INV00679,CUST0056,SUB0056,2025-12-13,2025-12-13,2025-12-31,49.99,paid
INV00680,CUST0057,SUB0057,2025-04-19,2025-04-19,2025-04-30,19.99,paid
INV00681,CUST0057,SUB0057,2025-05-19,2025-05-19,2025-05-31,19.99,paid
INV00682,CUST0057,SUB0057,2025-06-19,2025-06-19,2025-06-30,19.99,paid
INV00683,CUST0057,SUB0057,2025-07-19,2025-07-19,2025-07-31,19.99,paid
INV00684,CUST0057,SUB0057,2025-08-19,2025-08-19,2025-08-31,19.99,paid
INV00685,CUST0057,SUB0057,2025-09-19,2025-09-19,2025-09-30,19.99,paid
INV00686,CUST0057,SUB0057,2025-10-19,2025-10-19,2025-10-31,19.99,paid
INV00687,CUST0057,SUB0057,2025-11-19,2025-11-19,2025-11-30,19.99,paid
INV00688,CUST0057,SUB0057,2025-12-19,2025-12-19,2025-12-31,19.99,paid
INV00689,CUST0058,SUB0058,2025-06-05,2025-06-05,2025-06-30,89.99,paid
INV00690,CUST0058,SUB0058,2025-07-05,2025-07-05,2025-07-31,89.99,paid
INV00691,CUST0058,SUB0058,2025-08-05,2025-08-05,2025-08-31,89.99,paid
INV00692,CUST0058,SUB0058,2025-09-05,2025-09-05,2025-09-30,89.99,paid
INV00693,CUST0058,SUB0058,2025-10-05,2025-10-05,2025-10-31,89.99,paid
INV00694,CUST0058,SUB0058,2025-11-05,2025-11-05,2025-11-30,89.99,paid
INV00695,CUST0058,SUB0058,2025-12-05,2025-12-05,2025-12-31,89.99,paid
INV00696,CUST0059,SUB0059,2024-01-13,2024-01-13,2024-01-31,19.99,paid
INV00697,CUST0059,SUB0059,2024-02-13,2024-02-13,2024-02-29,19.99,failed
INV00698,CUST0059,SUB0059,2024-03-13,2024-03-13,2024-03-31,19.99,paid
INV00699,CUST0059,SUB0059,2024-04-13,2024-04-13,2024-04-30,19.99,failed
INV00700,CUST0059,SUB0059,2024-05-13,2024-05-13,2024-05-31,19.99,paid
INV00701,CUST0059,SUB0059,2024-06-13,2024-06-13,2024-06-30,19.99,failed
INV00702,CUST0059,SUB0059,2024-07-13,2024-07-13,2024-07-31,19.99,paid
INV00703,CUST0059,SUB0059,2024-08-13,2024-08-13,2024-08-31,19.99,paid
INV00704,CUST0059,SUB0059,2024-09-13,2024-09-13,2024-09-30,19.99,paid
INV00705,CUST0059,SUB0059,2024-10-13,2024-10-13,2024-10-31,19.99,paid
INV00706,CUST0059,SUB0059,2024-11-13,2024-11-13,2024-11-30,19.99,paid
INV00707,CUST0059,SUB0059,2024-12-13,2024-12-13,2024-12-31,19.99,paid
INV00708,CUST0059,SUB0059,2025-01-13,2025-01-13,2025-01-31,19.99,paid
INV00709,CUST0059,SUB0059,2025-02-13,2025-02-13,2025-02-28,19.99,failed
INV00710,CUST0059,SUB0059,2025-03-13,2025-03-13,2025-03-31,19.99,paid
INV00711,CUST0059,SUB0059,2025-04-13,2025-04-13,2025-04-30,19.99,paid
INV00712,CUST0059,SUB0059,2025-05-13,2025-05-13,2025-05-31,19.99,paid
INV00713,CUST0059,SUB0059,2025-06-13,2025-06-13,2025-06-30,19.99,paid
INV00714,CUST0059,SUB0059,2025-07-13,2025-07-13,2025-07-31,19.99,paid
INV00715,CUST0059,SUB0059,2025-08-13,2025-08-13,2025-08-31,19.99,failed
INV00716,CUST0059,SUB0059,2025-09-13,2025-09-13,2025-09-30,19.99,paid
INV00717,CUST0059,SUB0059,2025-10-13,2025-10-13,2025-10-31,19.99,paid
INV00718,CUST0059,SUB0059,2025-11-13,2025-11-13,2025-11-30,19.99,paid
INV00719,CUST0059,SUB0059,2025-12-13,2025-12-13,2025-12-31,19.99,paid
INV00720,CUST0060,SUB0060,2024-07-05,2024-07-05,2024-07-31,89.99,paid
INV00721,CUST0060,SUB0060,2024-08-05,2024-08-05,2024-08-31,89.99,paid
INV00722,CUST0060,SUB0060,2024-09-05,2024-09-05,2024-09-30,89.99,failed
INV00723,CUST0060,SUB0060,2024-10-05,2024-10-05,2024-10-31,89.99,paid
INV00724,CUST0060,SUB0060,2024-11-05,2024-11-05,2024-11-30,89.99,paid
INV00725,CUST0060,SUB0060,2024-12-05,2024-12-05,2024-12-31,89.99,paid
INV00726,CUST0060,SUB0060,2025-01-05,2025-01-05,2025-01-31,89.99,paid
INV00727,CUST0060,SUB0060,2025-02-05,2025-02-05,2025-02-28,89.99,paid
INV00728,CUST0060,SUB0060,2025-03-05,2025-03-05,2025-03-31,89.99,failed
INV00729,CUST0060,SUB0060,2025-04-05,2025-04-05,2025-04-30,89.99,paid
INV00730,CUST0060,SUB0060,2025-05-05,2025-05-05,2025-05-31,89.99,paid
INV00731,CUST0060,SUB0060,2025-06-05,2025-06-05,2025-06-30,89.99,paid
INV00732,CUST0060,SUB0060,2025-07-05,2025-07-05,2025-07-31,89.99,paid
INV00733,CUST0060,SUB0060,2025-08-05,2025-08-05,2025-08-31,89.99,paid
INV00734,CUST0060,SUB0060,2025-09-05,2025-09-05,2025-09-30,89.99,paid
INV00735,CUST0060,SUB0060,2025-10-05,2025-10-05,2025-10-31,89.99,paid
INV00736,CUST0060,SUB0060,2025-11-05,2025-11-05,2025-11-30,89.99,paid
INV00737,CUST0060,SUB0060,2025-12-05,2025-12-05,2025-12-31,89.99,paid
INV00738,CUST0061,SUB0061,2024-11-30,2024-11-30,2024-11-30,19.99,paid
INV00739,CUST0061,SUB0061,2024-12-30,2024-12-30,2024-12-31,19.99,paid
INV00740,CUST0061,SUB0061,2025-01-30,2025-01-30,2025-01-31,19.99,failed
INV00741,CUST0061,SUB0061,2025-02-28,2025-02-28,2025-02-28,19.99,paid
INV00742,CUST0061,SUB0061,2025-03-30,2025-03-30,2025-03-31,19.99,paid
INV00743,CUST0061,SUB0061,2025-04-30,2025-04-30,2025-04-30,19.99,failed
INV00744,CUST0061,SUB0061,2025-05-30,2025-05-30,2025-05-31,19.99,failed
INV00745,CUST0061,SUB0061,2025-06-30,2025-06-30,2025-06-30,19.99,paid
INV00746,CUST0061,SUB0061,2025-07-30,2025-07-30,2025-07-31,19.99,paid
INV00747,CUST0061,SUB0061,2025-08-30,2025-08-30,2025-08-31,19.99,paid
INV00748,CUST0061,SUB0061,2025-09-30,2025-09-30,2025-09-30,19.99,failed
INV00749,CUST0061,SUB0061,2025-10-30,2025-10-30,2025-10-31,19.99,paid
INV00750,CUST0061,SUB0061,2025-11-30,2025-11-30,2025-11-30,19.99,paid
INV00751,CUST0061,SUB0061,2025-12-30,2025-12-30,2025-12-31,19.99,paid
INV00752,CUST0062,SUB0062,2024-01-25,2024-01-25,2024-01-31,49.99,paid
INV00753,CUST0062,SUB0062,2024-02-25,2024-02-25,2024-02-29,49.99,failed
INV00754,CUST0062,SUB0062,2024-03-25,2024-03-25,2024-03-31,49.99,paid
INV00755,CUST0062,SUB0062,2024-04-25,2024-04-25,2024-04-30,49.99,paid
INV00756,CUST0062,SUB0062,2024-05-25,2024-05-25,2024-05-31,49.99,paid
INV00757,CUST0062,SUB0062,2024-06-25,2024-06-25,2024-06-30,49.99,paid
INV00758,CUST0062,SUB0062,2024-07-25,2024-07-25,2024-07-31,49.99,paid
INV00759,CUST0062,SUB0062,2024-08-25,2024-08-25,2024-08-31,49.99,paid
INV00760,CUST0062,SUB0062,2024-09-25,2024-09-25,2024-09-30,49.99,failed
INV00761,CUST0062,SUB0062,2024-10-25,2024-10-25,2024-10-31,49.99,paid
INV00762,CUST0062,SUB0062,2024-11-25,2024-11-25,2024-11-30,49.99,paid
INV00763,CUST0062,SUB0062,2024-12-25,2024-12-25,2024-12-31,49.99,paid
INV00764,CUST0062,SUB0062,2025-01-25,2025-01-25,2025-01-31,49.99,paid
INV00765,CUST0062,SUB0062,2025-02-25,2025-02-25,2025-02-28,49.99,paid
INV00766,CUST0062,SUB0062,2025-03-25,2025-03-25,2025-03-31,49.99,paid
INV00767,CUST0062,SUB0062,2025-04-25,2025-04-25,2025-04-30,49.99,paid
INV00768,CUST0062,SUB0062,2025-05-25,2025-05-25,2025-05-31,49.99,failed
INV00769,CUST0062,SUB0062,2025-06-25,2025-06-25,2025-06-30,49.99,paid
INV00770,CUST0062,SUB0062,2025-07-25,2025-07-25,2025-07-31,49.99,paid
INV00771,CUST0062,SUB0062,2025-08-25,2025-08-25,2025-08-31,49.99,paid
INV00772,CUST0062,SUB0062,2025-09-25,2025-09-25,2025-09-30,49.99,paid
INV00773,CUST0062,SUB0062,2025-10-25,2025-10-25,2025-10-31,49.99,paid
INV00774,CUST0062,SUB0062,2025-11-25,2025-11-25,2025-11-30,49.99,paid
INV00775,CUST0062,SUB0062,2025-12-25,2025-12-25,2025-12-31,49.99,failed
INV00776,CUST0063,SUB0063,2024-02-07,2024-02-07,2024-02-29,49.99,paid
INV00777,CUST0063,SUB0063,2024-03-07,2024-03-07,2024-03-31,49.99,paid
INV00778,CUST0063,SUB0063,2024-04-07,2024-04-07,2024-04-30,49.99,paid
INV00779,CUST0063,SUB0063,2024-05-07,2024-05-07,2024-05-31,49.99,paid
INV00780,CUST0064,SUB0064,2025-05-08,2025-05-08,2025-05-31,19.99,failed
INV00781,CUST0064,SUB0064,2025-06-08,2025-06-08,2025-06-30,19.99,paid
INV00782,CUST0064,SUB0064,2025-07-08,2025-07-08,2025-07-31,19.99,paid
INV00783,CUST0064,SUB0064,2025-08-08,2025-08-08,2025-08-31,19.99,paid
INV00784,CUST0064,SUB0064,2025-09-08,2025-09-08,2025-09-30,19.99,paid
INV00785,CUST0064,SUB0064,2025-10-08,2025-10-08,2025-10-31,19.99,paid
INV00786,CUST0064,SUB0064,2025-11-08,2025-11-08,2025-11-30,19.99,paid
INV00787,CUST0064,SUB0064,2025-12-08,2025-12-08,2025-12-31,19.99,paid
INV00788,CUST0065,SUB0065,2025-06-26,2025-06-26,2025-06-30,49.99,paid
INV00789,CUST0065,SUB0065,2025-07-26,2025-07-26,2025-07-31,49.99,paid
INV00790,CUST0065,SUB0065,2025-08-26,2025-08-26,2025-08-31,49.99,paid
INV00791,CUST0065,SUB0065,2025-09-26,2025-09-26,2025-09-30,49.99,paid
INV00792,CUST0065,SUB0065,2025-10-26,2025-10-26,2025-10-31,49.99,paid
INV00793,CUST0065,SUB0065,2025-11-26,2025-11-26,2025-11-30,49.99,paid
INV00794,CUST0065,SUB0065,2025-12-26,2025-12-26,2025-12-31,49.99,paid
INV00795,CUST0066,SUB0066,2025-02-05,2025-02-05,2025-02-28,49.99,paid
INV00796,CUST0066,SUB0066,2025-03-05,2025-03-05,2025-03-31,49.99,paid
INV00797,CUST0066,SUB0066,2025-04-05,2025-04-05,2025-04-30,49.99,paid
INV00798,CUST0066,SUB0066,2025-05-05,2025-05-05,2025-05-31,49.99,failed
INV00799,CUST0066,SUB0066,2025-06-05,2025-06-05,2025-06-30,49.99,paid
INV00800,CUST0066,SUB0066,2025-07-05,2025-07-05,2025-07-31,49.99,paid
INV00801,CUST0066,SUB0066,2025-08-05,2025-08-05,2025-08-31,49.99,paid
INV00802,CUST0066,SUB0066,2025-09-05,2025-09-05,2025-09-30,49.99,paid
INV00803,CUST0066,SUB0066,2025-10-05,2025-10-05,2025-10-31,49.99,paid
INV00804,CUST0066,SUB0066,2025-11-05,2025-11-05,2025-11-30,49.99,paid
INV00805,CUST0066,SUB0066,2025-12-05,2025-12-05,2025-12-31,49.99,paid
INV00806,CUST0067,SUB0067,2024-04-17,2024-04-17,2024-04-30,19.99,paid
INV00807,CUST0067,SUB0067,2024-05-17,2024-05-17,2024-05-31,19.99,paid
INV00808,CUST0067,SUB0067,2024-06-17,2024-06-17,2024-06-30,19.99,paid
INV00809,CUST0067,SUB0067,2024-07-17,2024-07-17,2024-07-31,19.99,paid
INV00810,CUST0067,SUB0067,2024-08-17,2024-08-17,2024-08-31,19.99,paid
INV00811,CUST0067,SUB0067,2024-09-17,2024-09-17,2024-09-30,19.99,paid
INV00812,CUST0067,SUB0067,2024-10-17,2024-10-17,2024-10-31,19.99,paid
INV00813,CUST0067,SUB0067,2024-11-17,2024-11-17,2024-11-30,19.99,paid
INV00814,CUST0067,SUB0067,2024-12-17,2024-12-17,2024-12-31,19.99,paid
INV00815,CUST0067,SUB0067,2025-01-17,2025-01-17,2025-01-31,19.99,failed
INV00816,CUST0067,SUB0067,2025-02-17,2025-02-17,2025-02-28,19.99,paid
INV00817,CUST0067,SUB0067,2025-03-17,2025-03-17,2025-03-31,19.99,failed
INV00818,CUST0067,SUB0067,2025-04-17,2025-04-17,2025-04-30,19.99,paid
INV00819,CUST0067,SUB0067,2025-05-17,2025-05-17,2025-05-31,19.99,paid
INV00820,CUST0067,SUB0067,2025-06-17,2025-06-17,2025-06-30,19.99,paid
INV00821,CUST0067,SUB0067,2025-07-17,2025-07-17,2025-07-31,19.99,paid
INV00822,CUST0067,SUB0067,2025-08-17,2025-08-17,2025-08-31,19.99,paid
INV00823,CUST0067,SUB0067,2025-09-17,2025-09-17,2025-09-30,19.99,paid
INV00824,CUST0067,SUB0067,2025-10-17,2025-10-17,2025-10-31,19.99,paid
INV00825,CUST0067,SUB0067,2025-11-17,2025-11-17,2025-11-30,19.99,paid
INV00826,CUST0067,SUB0067,2025-12-17,2025-12-17,2025-12-31,19.99,paid
INV00827,CUST0068,SUB0068,2024-09-23,2024-09-23,2024-09-30,19.99,paid
INV00828,CUST0068,SUB0068,2024-10-23,2024-10-23,2024-10-31,19.99,paid
INV00829,CUST0068,SUB0068,2024-11-23,2024-11-23,2024-11-30,19.99,paid
INV00830,CUST0068,SUB0068,2024-12-23,2024-12-23,2024-12-31,19.99,paid
INV00831,CUST0068,SUB0068,2025-01-23,2025-01-23,2025-01-31,19.99,paid
INV00832,CUST0068,SUB0068,2025-02-23,2025-02-23,2025-02-28,19.99,paid
INV00833,CUST0068,SUB0068,2025-03-23,2025-03-23,2025-03-31,19.99,paid
INV00834,CUST0068,SUB0068,2025-04-23,2025-04-23,2025-04-30,19.99,paid
INV00835,CUST0068,SUB0068,2025-05-23,2025-05-23,2025-05-31,19.99,paid
INV00836,CUST0068,SUB0068,2025-06-23,2025-06-23,2025-06-30,19.99,paid
INV00837,CUST0068,SUB0068,2025-07-23,2025-07-23,2025-07-31,19.99,paid
INV00838,CUST0068,SUB0068,2025-08-23,2025-08-23,2025-08-31,19.99,paid
INV00839,CUST0068,SUB0068,2025-09-23,2025-09-23,2025-09-30,19.99,paid
INV00840,CUST0068,SUB0068,2025-10-23,2025-10-23,2025-10-31,19.99,paid
INV00841,CUST0068,SUB0068,2025-11-23,2025-11-23,2025-11-30,19.99,paid
INV00842,CUST0068,SUB0068,2025-12-23,2025-12-23,2025-12-31,19.99,paid
INV00843,CUST0069,SUB0069,2024-12-12,2024-12-12,2024-12-31,49.99,paid
INV00844,CUST0069,SUB0069,2025-01-12,2025-01-12,2025-01-31,49.99,paid
INV00845,CUST0069,SUB0069,2025-02-12,2025-02-12,2025-02-28,49.99,paid
INV00846,CUST0069,SUB0069,2025-03-12,2025-03-12,2025-03-31,49.99,paid
INV00847,CUST0069,SUB0069,2025-04-12,2025-04-12,2025-04-30,49.99,paid
INV00848,CUST0069,SUB0069,2025-05-12,2025-05-12,2025-05-31,49.99,paid
INV00849,CUST0069,SUB0069,2025-06-12,2025-06-12,2025-06-30,49.99,paid
INV00850,CUST0069,SUB0069,2025-07-12,2025-07-12,2025-07-31,49.99,paid
INV00851,CUST0069,SUB0069,2025-08-12,2025-08-12,2025-08-31,49.99,paid
INV00852,CUST0069,SUB0069,2025-09-12,2025-09-12,2025-09-30,49.99,paid
INV00853,CUST0069,SUB0069,2025-10-12,2025-10-12,2025-10-31,49.99,paid
INV00854,CUST0069,SUB0069,2025-11-12,2025-11-12,2025-11-30,49.99,paid
INV00855,CUST0069,SUB0069,2025-12-12,2025-12-12,2025-12-31,49.99,paid
INV00856,CUST0070,SUB0070,2024-09-12,2024-09-12,2024-09-30,19.99,paid
INV00857,CUST0070,SUB0070,2024-10-12,2024-10-12,2024-10-31,19.99,paid
INV00858,CUST0070,SUB0070,2024-11-12,2024-11-12,2024-11-30,19.99,paid
INV00859,CUST0070,SUB0070,2024-12-12,2024-12-12,2024-12-31,19.99,failed
INV00860,CUST0070,SUB0070,2025-01-12,2025-01-12,2025-01-31,19.99,paid
INV00861,CUST0070,SUB0070,2025-02-12,2025-02-12,2025-02-28,19.99,paid
INV00862,CUST0070,SUB0070,2025-03-12,2025-03-12,2025-03-31,19.99,paid
INV00863,CUST0070,SUB0070,2025-04-12,2025-04-12,2025-04-30,19.99,paid
INV00864,CUST0070,SUB0070,2025-05-12,2025-05-12,2025-05-31,19.99,paid
INV00865,CUST0070,SUB0070,2025-06-12,2025-06-12,2025-06-30,19.99,paid
INV00866,CUST0070,SUB0070,2025-07-12,2025-07-12,2025-07-31,19.99,paid
INV00867,CUST0070,SUB0070,2025-08-12,2025-08-12,2025-08-31,19.99,paid
INV00868,CUST0070,SUB0070,2025-09-12,2025-09-12,2025-09-30,19.99,paid
INV00869,CUST0070,SUB0070,2025-10-12,2025-10-12,2025-10-31,19.99,paid
INV00870,CUST0070,SUB0070,2025-11-12,2025-11-12,2025-11-30,19.99,paid
INV00871,CUST0070,SUB0070,2025-12-12,2025-12-12,2025-12-31,19.99,paid
INV00872,CUST0071,SUB0071,2025-06-23,2025-06-23,2025-06-30,49.99,paid
INV00873,CUST0071,SUB0071,2025-07-23,2025-07-23,2025-07-31,49.99,paid
INV00874,CUST0071,SUB0071,2025-08-23,2025-08-23,2025-08-31,49.99,paid
INV00875,CUST0071,SUB0071,2025-09-23,2025-09-23,2025-09-30,49.99,failed
INV00876,CUST0071,SUB0071,2025-10-23,2025-10-23,2025-10-31,49.99,paid
INV00877,CUST0071,SUB0071,2025-11-23,2025-11-23,2025-11-30,49.99,paid
INV00878,CUST0071,SUB0071,2025-12-23,2025-12-23,2025-12-31,49.99,paid
INV00879,CUST0072,SUB0072,2024-11-16,2024-11-16,2024-11-30,19.99,paid
INV00880,CUST0072,SUB0072,2024-12-16,2024-12-16,2024-12-31,19.99,paid
INV00881,CUST0072,SUB0072,2025-01-16,2025-01-16,2025-01-31,19.99,paid
INV00882,CUST0072,SUB0072,2025-02-16,2025-02-16,2025-02-28,19.99,paid
INV00883,CUST0072,SUB0072,2025-03-16,2025-03-16,2025-03-31,19.99,paid
INV00884,CUST0073,SUB0073,2024-05-24,2024-05-24,2024-05-31,19.99,paid
INV00885,CUST0073,SUB0073,2024-06-24,2024-06-24,2024-06-30,19.99,paid
INV00886,CUST0073,SUB0073,2024-07-24,2024-07-24,2024-07-31,19.99,paid
INV00887,CUST0073,SUB0073,2024-08-24,2024-08-24,2024-08-31,19.99,paid
INV00888,CUST0073,SUB0073,2024-09-24,2024-09-24,2024-09-30,19.99,paid
INV00889,CUST0073,SUB0073,2024-10-24,2024-10-24,2024-10-31,19.99,paid
INV00890,CUST0073,SUB0073,2024-11-24,2024-11-24,2024-11-30,19.99,paid
INV00891,CUST0073,SUB0073,2024-12-24,2024-12-24,2024-12-31,19.99,paid
INV00892,CUST0073,SUB0073,2025-01-24,2025-01-24,2025-01-31,19.99,paid
INV00893,CUST0073,SUB0073,2025-02-24,2025-02-24,2025-02-28,19.99,paid
INV00894,CUST0073,SUB0073,2025-03-24,2025-03-24,2025-03-31,19.99,paid
INV00895,CUST0073,SUB0073,2025-04-24,2025-04-24,2025-04-30,19.99,paid
INV00896,CUST0073,SUB0073,2025-05-24,2025-05-24,2025-05-31,19.99,paid
INV00897,CUST0073,SUB0073,2025-06-24,2025-06-24,2025-06-30,19.99,paid
INV00898,CUST0073,SUB0073,2025-07-24,2025-07-24,2025-07-31,19.99,paid
INV00899,CUST0073,SUB0073,2025-08-24,2025-08-24,2025-08-31,19.99,paid
INV00900,CUST0073,SUB0073,2025-09-24,2025-09-24,2025-09-30,19.99,paid
INV00901,CUST0073,SUB0073,2025-10-24,2025-10-24,2025-10-31,19.99,paid
INV00902,CUST0073,SUB0073,2025-11-24,2025-11-24,2025-11-30,19.99,failed
INV00903,CUST0073,SUB0073,2025-12-24,2025-12-24,2025-12-31,19.99,paid
INV00904,CUST0074,SUB0074,2025-05-09,2025-05-09,2025-05-31,19.99,paid
INV00905,CUST0074,SUB0074,2025-06-09,2025-06-09,2025-06-30,19.99,paid
INV00906,CUST0074,SUB0074,2025-07-09,2025-07-09,2025-07-31,19.99,paid
INV00907,CUST0074,SUB0074,2025-08-09,2025-08-09,2025-08-31,19.99,paid
INV00908,CUST0074,SUB0074,2025-09-09,2025-09-09,2025-09-30,19.99,failed
INV00909,CUST0074,SUB0074,2025-10-09,2025-10-09,2025-10-31,19.99,paid
INV00910,CUST0074,SUB0074,2025-11-09,2025-11-09,2025-11-30,19.99,paid
INV00911,CUST0074,SUB0074,2025-12-09,2025-12-09,2025-12-31,19.99,paid
INV00912,CUST0075,SUB0075,2025-06-02,2025-06-02,2025-06-30,49.99,paid
INV00913,CUST0075,SUB0075,2025-07-02,2025-07-02,2025-07-31,49.99,paid
INV00914,CUST0075,SUB0075,2025-08-02,2025-08-02,2025-08-31,49.99,paid
INV00915,CUST0075,SUB0075,2025-09-02,2025-09-02,2025-09-30,49.99,paid
INV00916,CUST0075,SUB0075,2025-10-02,2025-10-02,2025-10-31,49.99,paid
INV00917,CUST0075,SUB0075,2025-11-02,2025-11-02,2025-11-30,49.99,paid
INV00918,CUST0075,SUB0075,2025-12-02,2025-12-02,2025-12-31,49.99,paid
INV00919,CUST0076,SUB0076,2024-11-26,2024-11-26,2024-11-30,19.99,paid
INV00920,CUST0076,SUB0076,2024-12-26,2024-12-26,2024-12-31,19.99,paid
INV00921,CUST0076,SUB0076,2025-01-26,2025-01-26,2025-01-31,19.99,paid
INV00922,CUST0076,SUB0076,2025-02-26,2025-02-26,2025-02-28,19.99,paid
INV00923,CUST0076,SUB0076,2025-03-26,2025-03-26,2025-03-31,19.99,paid
INV00924,CUST0076,SUB0076,2025-04-26,2025-04-26,2025-04-30,19.99,paid
INV00925,CUST0076,SUB0076,2025-05-26,2025-05-26,2025-05-31,19.99,paid
INV00926,CUST0076,SUB0076,2025-06-26,2025-06-26,2025-06-30,19.99,paid
INV00927,CUST0076,SUB0076,2025-07-26,2025-07-26,2025-07-31,19.99,paid
INV00928,CUST0076,SUB0076,2025-08-26,2025-08-26,2025-08-31,19.99,paid
INV00929,CUST0076,SUB0076,2025-09-26,2025-09-26,2025-09-30,19.99,paid
INV00930,CUST0076,SUB0076,2025-10-26,2025-10-26,2025-10-31,19.99,paid
INV00931,CUST0076,SUB0076,2025-11-26,2025-11-26,2025-11-30,19.99,paid
INV00932,CUST0076,SUB0076,2025-12-26,2025-12-26,2025-12-31,19.99,paid
INV00933,CUST0077,SUB0077,2024-03-03,2024-03-03,2024-03-31,19.99,paid
INV00934,CUST0077,SUB0077,2024-04-03,2024-04-03,2024-04-30,19.99,paid
INV00935,CUST0077,SUB0077,2024-05-03,2024-05-03,2024-05-31,19.99,paid
INV00936,CUST0077,SUB0077,2024-06-03,2024-06-03,2024-06-30,19.99,failed
INV00937,CUST0077,SUB0077,2024-07-03,2024-07-03,2024-07-31,19.99,failed
INV00938,CUST0077,SUB0077,2024-08-03,2024-08-03,2024-08-31,19.99,paid
INV00939,CUST0077,SUB0077,2024-09-03,2024-09-03,2024-09-30,19.99,paid
INV00940,CUST0077,SUB0077,2024-10-03,2024-10-03,2024-10-31,19.99,paid
INV00941,CUST0077,SUB0077,2024-11-03,2024-11-03,2024-11-30,19.99,paid
INV00942,CUST0077,SUB0077,2024-12-03,2024-12-03,2024-12-31,19.99,paid
INV00943,CUST0077,SUB0077,2025-01-03,2025-01-03,2025-01-31,19.99,paid
INV00944,CUST0077,SUB0077,2025-02-03,2025-02-03,2025-02-28,19.99,paid
INV00945,CUST0077,SUB0077,2025-03-03,2025-03-03,2025-03-31,19.99,paid
INV00946,CUST0077,SUB0077,2025-04-03,2025-04-03,2025-04-30,19.99,paid
INV00947,CUST0077,SUB0077,2025-05-03,2025-05-03,2025-05-31,19.99,paid
INV00948,CUST0077,SUB0077,2025-06-03,2025-06-03,2025-06-30,19.99,paid
INV00949,CUST0077,SUB0077,2025-07-03,2025-07-03,2025-07-31,19.99,paid
INV00950,CUST0077,SUB0077,2025-08-03,2025-08-03,2025-08-31,19.99,paid
INV00951,CUST0077,SUB0077,2025-09-03,2025-09-03,2025-09-30,19.99,paid
INV00952,CUST0077,SUB0077,2025-10-03,2025-10-03,2025-10-31,19.99,paid
INV00953,CUST0077,SUB0077,2025-11-03,2025-11-03,2025-11-30,19.99,paid
INV00954,CUST0077,SUB0077,2025-12-03,2025-12-03,2025-12-31,19.99,paid
INV00955,CUST0078,SUB0078,2024-06-21,2024-06-21,2024-06-30,19.99,paid
INV00956,CUST0078,SUB0078,2024-07-21,2024-07-21,2024-07-31,19.99,paid
INV00957,CUST0078,SUB0078,2024-08-21,2024-08-21,2024-08-31,19.99,failed
INV00958,CUST0078,SUB0078,2024-09-21,2024-09-21,2024-09-30,19.99,paid
INV00959,CUST0078,SUB0078,2024-10-21,2024-10-21,2024-10-31,19.99,paid
INV00960,CUST0078,SUB0078,2024-11-21,2024-11-21,2024-11-30,19.99,paid
INV00961,CUST0079,SUB0079,2025-04-12,2025-04-12,2025-04-30,19.99,paid
INV00962,CUST0079,SUB0079,2025-05-12,2025-05-12,2025-05-31,19.99,paid
INV00963,CUST0079,SUB0079,2025-06-12,2025-06-12,2025-06-30,19.99,paid
INV00964,CUST0079,SUB0079,2025-07-12,2025-07-12,2025-07-31,19.99,paid
INV00965,CUST0079,SUB0079,2025-08-12,2025-08-12,2025-08-31,19.99,failed
INV00966,CUST0079,SUB0079,2025-09-12,2025-09-12,2025-09-30,19.99,paid
INV00967,CUST0079,SUB0079,2025-10-12,2025-10-12,2025-10-31,19.99,paid
INV00968,CUST0079,SUB0079,2025-11-12,2025-11-12,2025-11-30,19.99,paid
INV00969,CUST0079,SUB0079,2025-12-12,2025-12-12,2025-12-31,19.99,paid
INV00970,CUST0080,SUB0080,2024-06-02,2024-06-02,2024-06-30,19.99,paid
INV00971,CUST0080,SUB0080,2024-07-02,2024-07-02,2024-07-31,19.99,paid
INV00972,CUST0080,SUB0080,2024-08-02,2024-08-02,2024-08-31,19.99,paid
INV00973,CUST0080,SUB0080,2024-09-02,2024-09-02,2024-09-30,19.99,paid
INV00974,CUST0080,SUB0080,2024-10-02,2024-10-02,2024-10-31,19.99,paid
INV00975,CUST0080,SUB0080,2024-11-02,2024-11-02,2024-11-30,19.99,failed
INV00976,CUST0080,SUB0080,2024-12-02,2024-12-02,2024-12-31,19.99,paid
INV00977,CUST0080,SUB0080,2025-01-02,2025-01-02,2025-01-31,19.99,paid
INV00978,CUST0080,SUB0080,2025-02-02,2025-02-02,2025-02-28,19.99,failed
INV00979,CUST0080,SUB0080,2025-03-02,2025-03-02,2025-03-31,19.99,paid
INV00980,CUST0080,SUB0080,2025-04-02,2025-04-02,2025-04-30,19.99,paid
INV00981,CUST0080,SUB0080,2025-05-02,2025-05-02,2025-05-31,19.99,paid
INV00982,CUST0080,SUB0080,2025-06-02,2025-06-02,2025-06-30,19.99,paid
INV00983,CUST0080,SUB0080,2025-07-02,2025-07-02,2025-07-31,19.99,failed
INV00984,CUST0080,SUB0080,2025-08-02,2025-08-02,2025-08-31,19.99,paid
INV00985,CUST0080,SUB0080,2025-09-02,2025-09-02,2025-09-30,19.99,paid
INV00986,CUST0080,SUB0080,2025-10-02,2025-10-02,2025-10-31,19.99,paid
INV00987,CUST0080,SUB0080,2025-11-02,2025-11-02,2025-11-30,19.99,paid
INV00988,CUST0080,SUB0080,2025-12-02,2025-12-02,2025-12-31,19.99,paid
INV00989,CUST0081,SUB0081,2024-07-20,2024-07-20,2024-07-31,49.99,paid
INV00990,CUST0081,SUB0081,2024-08-20,2024-08-20,2024-08-31,49.99,paid
INV00991,CUST0081,SUB0081,2024-09-20,2024-09-20,2024-09-30,49.99,paid
INV00992,CUST0081,SUB0081,2024-10-20,2024-10-20,2024-10-31,49.99,paid
INV00993,CUST0081,SUB0081,2024-11-20,2024-11-20,2024-11-30,49.99,paid
INV00994,CUST0081,SUB0081,2024-12-20,2024-12-20,2024-12-31,49.99,paid
INV00995,CUST0081,SUB0081,2025-01-20,2025-01-20,2025-01-31,49.99,paid
INV00996,CUST0081,SUB0081,2025-02-20,2025-02-20,2025-02-28,49.99,paid
INV00997,CUST0081,SUB0081,2025-03-20,2025-03-20,2025-03-31,49.99,failed
INV00998,CUST0081,SUB0081,2025-04-20,2025-04-20,2025-04-30,49.99,paid
INV00999,CUST0081,SUB0081,2025-05-20,2025-05-20,2025-05-31,49.99,paid
INV01000,CUST0081,SUB0081,2025-06-20,2025-06-20,2025-06-30,49.99,paid
INV01001,CUST0081,SUB0081,2025-07-20,2025-07-20,2025-07-31,49.99,paid
INV01002,CUST0081,SUB0081,2025-08-20,2025-08-20,2025-08-31,49.99,paid
INV01003,CUST0081,SUB0081,2025-09-20,2025-09-20,2025-09-30,49.99,paid
INV01004,CUST0081,SUB0081,2025-10-20,2025-10-20,2025-10-31,49.99,paid
INV01005,CUST0081,SUB0081,2025-11-20,2025-11-20,2025-11-30,49.99,paid
INV01006,CUST0081,SUB0081,2025-12-20,2025-12-20,2025-12-31,49.99,failed
INV01007,CUST0082,SUB0082,2024-12-19,2024-12-19,2024-12-31,89.99,paid
INV01008,CUST0082,SUB0082,2025-01-19,2025-01-19,2025-01-31,89.99,paid
INV01009,CUST0082,SUB0082,2025-02-19,2025-02-19,2025-02-28,89.99,paid
INV01010,CUST0082,SUB0082,2025-03-19,2025-03-19,2025-03-31,89.99,paid
INV01011,CUST0082,SUB0082,2025-04-19,2025-04-19,2025-04-30,89.99,paid
INV01012,CUST0082,SUB0082,2025-05-19,2025-05-19,2025-05-31,89.99,paid
INV01013,CUST0082,SUB0082,2025-06-19,2025-06-19,2025-06-30,89.99,paid
INV01014,CUST0082,SUB0082,2025-07-19,2025-07-19,2025-07-31,89.99,paid
INV01015,CUST0082,SUB0082,2025-08-19,2025-08-19,2025-08-31,89.99,paid
INV01016,CUST0082,SUB0082,2025-09-19,2025-09-19,2025-09-30,89.99,paid
INV01017,CUST0082,SUB0082,2025-10-19,2025-10-19,2025-10-31,89.99,paid
INV01018,CUST0082,SUB0082,2025-11-19,2025-11-19,2025-11-30,89.99,paid
INV01019,CUST0082,SUB0082,2025-12-19,2025-12-19,2025-12-31,89.99,paid
INV01020,CUST0083,SUB0083,2024-03-12,2024-03-12,2024-03-31,19.99,paid
INV01021,CUST0083,SUB0083,2024-04-12,2024-04-12,2024-04-30,19.99,paid
INV01022,CUST0083,SUB0083,2024-05-12,2024-05-12,2024-05-31,19.99,paid
INV01023,CUST0083,SUB0083,2024-06-12,2024-06-12,2024-06-30,19.99,paid
INV01024,CUST0083,SUB0083,2024-07-12,2024-07-12,2024-07-31,19.99,paid
INV01025,CUST0083,SUB0083,2024-08-12,2024-08-12,2024-08-31,19.99,paid
INV01026,CUST0083,SUB0083,2024-09-12,2024-09-12,2024-09-30,19.99,paid
INV01027,CUST0083,SUB0083,2024-10-12,2024-10-12,2024-10-31,19.99,paid
INV01028,CUST0083,SUB0083,2024-11-12,2024-11-12,2024-11-30,19.99,paid
INV01029,CUST0083,SUB0083,2024-12-12,2024-12-12,2024-12-31,19.99,paid
INV01030,CUST0083,SUB0083,2025-01-12,2025-01-12,2025-01-31,19.99,paid
INV01031,CUST0084,SUB0084,2024-05-03,2024-05-03,2024-05-31,19.99,paid
INV01032,CUST0084,SUB0084,2024-06-03,2024-06-03,2024-06-30,19.99,paid
INV01033,CUST0084,SUB0084,2024-07-03,2024-07-03,2024-07-31,19.99,paid
INV01034,CUST0084,SUB0084,2024-08-03,2024-08-03,2024-08-31,19.99,paid
INV01035,CUST0084,SUB0084,2024-09-03,2024-09-03,2024-09-30,19.99,paid
INV01036,CUST0084,SUB0084,2024-10-03,2024-10-03,2024-10-31,19.99,paid
INV01037,CUST0084,SUB0084,2024-11-03,2024-11-03,2024-11-30,19.99,paid
INV01038,CUST0084,SUB0084,2024-12-03,2024-12-03,2024-12-31,19.99,paid
INV01039,CUST0084,SUB0084,2025-01-03,2025-01-03,2025-01-31,19.99,paid
INV01040,CUST0084,SUB0084,2025-02-03,2025-02-03,2025-02-28,19.99,paid
INV01041,CUST0084,SUB0084,2025-03-03,2025-03-03,2025-03-31,19.99,paid
INV01042,CUST0084,SUB0084,2025-04-03,2025-04-03,2025-04-30,19.99,paid
INV01043,CUST0084,SUB0084,2025-05-03,2025-05-03,2025-05-31,19.99,paid
INV01044,CUST0084,SUB0084,2025-06-03,2025-06-03,2025-06-30,19.99,paid
INV01045,CUST0084,SUB0084,2025-07-03,2025-07-03,2025-07-31,19.99,failed
INV01046,CUST0084,SUB0084,2025-08-03,2025-08-03,2025-08-31,19.99,paid
INV01047,CUST0084,SUB0084,2025-09-03,2025-09-03,2025-09-30,19.99,paid
INV01048,CUST0084,SUB0084,2025-10-03,2025-10-03,2025-10-31,19.99,paid
INV01049,CUST0084,SUB0084,2025-11-03,2025-11-03,2025-11-30,19.99,paid
INV01050,CUST0084,SUB0084,2025-12-03,2025-12-03,2025-12-31,19.99,paid
INV01051,CUST0085,SUB0085,2025-02-16,2025-02-16,2025-02-28,19.99,paid
INV01052,CUST0085,SUB0085,2025-03-16,2025-03-16,2025-03-31,19.99,paid
INV01053,CUST0085,SUB0085,2025-04-16,2025-04-16,2025-04-30,19.99,failed
INV01054,CUST0085,SUB0085,2025-05-16,2025-05-16,2025-05-31,19.99,paid
INV01055,CUST0085,SUB0085,2025-06-16,2025-06-16,2025-06-30,19.99,paid
INV01056,CUST0085,SUB0085,2025-07-16,2025-07-16,2025-07-31,19.99,paid
INV01057,CUST0085,SUB0085,2025-08-16,2025-08-16,2025-08-31,19.99,failed
INV01058,CUST0085,SUB0085,2025-09-16,2025-09-16,2025-09-30,19.99,failed
INV01059,CUST0085,SUB0085,2025-10-16,2025-10-16,2025-10-31,19.99,paid
INV01060,CUST0085,SUB0085,2025-11-16,2025-11-16,2025-11-30,19.99,paid
INV01061,CUST0085,SUB0085,2025-12-16,2025-12-16,2025-12-31,19.99,paid
INV01062,CUST0086,SUB0086,2024-08-18,2024-08-18,2024-08-31,19.99,paid
INV01063,CUST0086,SUB0086,2024-09-18,2024-09-18,2024-09-30,19.99,paid
INV01064,CUST0086,SUB0086,2024-10-18,2024-10-18,2024-10-31,19.99,failed
INV01065,CUST0086,SUB0086,2024-11-18,2024-11-18,2024-11-30,19.99,paid
INV01066,CUST0086,SUB0086,2024-12-18,2024-12-18,2024-12-31,19.99,paid
INV01067,CUST0086,SUB0086,2025-01-18,2025-01-18,2025-01-31,19.99,paid
INV01068,CUST0086,SUB0086,2025-02-18,2025-02-18,2025-02-28,19.99,paid
INV01069,CUST0086,SUB0086,2025-03-18,2025-03-18,2025-03-31,19.99,paid
INV01070,CUST0086,SUB0086,2025-04-18,2025-04-18,2025-04-30,19.99,paid
INV01071,CUST0086,SUB0086,2025-05-18,2025-05-18,2025-05-31,19.99,paid
INV01072,CUST0086,SUB0086,2025-06-18,2025-06-18,2025-06-30,19.99,paid
INV01073,CUST0086,SUB0086,2025-07-18,2025-07-18,2025-07-31,19.99,failed
INV01074,CUST0086,SUB0086,2025-08-18,2025-08-18,2025-08-31,19.99,paid
INV01075,CUST0086,SUB0086,2025-09-18,2025-09-18,2025-09-30,19.99,paid
INV01076,CUST0086,SUB0086,2025-10-18,2025-10-18,2025-10-31,19.99,paid
INV01077,CUST0086,SUB0086,2025-11-18,2025-11-18,2025-11-30,19.99,paid
INV01078,CUST0086,SUB0086,2025-12-18,2025-12-18,2025-12-31,19.99,paid
INV01079,CUST0087,SUB0087,2024-10-05,2024-10-05,2024-10-31,19.99,paid
INV01080,CUST0087,SUB0087,2024-11-05,2024-11-05,2024-11-30,19.99,paid
INV01081,CUST0087,SUB0087,2024-12-05,2024-12-05,2024-12-31,19.99,paid
INV01082,CUST0087,SUB0087,2025-01-05,2025-01-05,2025-01-31,19.99,paid
INV01083,CUST0087,SUB0087,2025-02-05,2025-02-05,2025-02-28,19.99,paid
INV01084,CUST0087,SUB0087,2025-03-05,2025-03-05,2025-03-31,19.99,failed
INV01085,CUST0087,SUB0087,2025-04-05,2025-04-05,2025-04-30,19.99,paid
INV01086,CUST0087,SUB0087,2025-05-05,2025-05-05,2025-05-31,19.99,failed
INV01087,CUST0087,SUB0087,2025-06-05,2025-06-05,2025-06-30,19.99,paid
INV01088,CUST0087,SUB0087,2025-07-05,2025-07-05,2025-07-31,19.99,paid
INV01089,CUST0087,SUB0087,2025-08-05,2025-08-05,2025-08-31,19.99,paid
INV01090,CUST0087,SUB0087,2025-09-05,2025-09-05,2025-09-30,19.99,paid
INV01091,CUST0087,SUB0087,2025-10-05,2025-10-05,2025-10-31,19.99,paid
INV01092,CUST0087,SUB0087,2025-11-05,2025-11-05,2025-11-30,19.99,paid
INV01093,CUST0087,SUB0087,2025-12-05,2025-12-05,2025-12-31,19.99,paid
INV01094,CUST0088,SUB0088,2025-01-05,2025-01-05,2025-01-31,19.99,paid
INV01095,CUST0088,SUB0088,2025-02-05,2025-02-05,2025-02-28,19.99,paid
INV01096,CUST0088,SUB0088,2025-03-05,2025-03-05,2025-03-31,19.99,paid
INV01097,CUST0088,SUB0088,2025-04-05,2025-04-05,2025-04-30,19.99,paid
INV01098,CUST0088,SUB0088,2025-05-05,2025-05-05,2025-05-31,19.99,paid
INV01099,CUST0088,SUB0088,2025-06-05,2025-06-05,2025-06-30,19.99,paid
INV01100,CUST0088,SUB0088,2025-07-05,2025-07-05,2025-07-31,19.99,paid
INV01101,CUST0088,SUB0088,2025-08-05,2025-08-05,2025-08-31,19.99,failed
INV01102,CUST0088,SUB0088,2025-09-05,2025-09-05,2025-09-30,19.99,paid
INV01103,CUST0088,SUB0088,2025-10-05,2025-10-05,2025-10-31,19.99,paid
INV01104,CUST0088,SUB0088,2025-11-05,2025-11-05,2025-11-30,19.99,paid
INV01105,CUST0088,SUB0088,2025-12-05,2025-12-05,2025-12-31,19.99,failed
INV01106,CUST0089,SUB0089,2025-02-19,2025-02-19,2025-02-28,19.99,paid
INV01107,CUST0089,SUB0089,2025-03-19,2025-03-19,2025-03-31,19.99,paid
INV01108,CUST0089,SUB0089,2025-04-19,2025-04-19,2025-04-30,19.99,paid
INV01109,CUST0089,SUB0089,2025-05-19,2025-05-19,2025-05-31,19.99,paid
INV01110,CUST0089,SUB0089,2025-06-19,2025-06-19,2025-06-30,19.99,paid
INV01111,CUST0089,SUB0089,2025-07-19,2025-07-19,2025-07-31,19.99,failed
INV01112,CUST0089,SUB0089,2025-08-19,2025-08-19,2025-08-31,19.99,paid
INV01113,CUST0089,SUB0089,2025-09-19,2025-09-19,2025-09-30,19.99,paid
INV01114,CUST0089,SUB0089,2025-10-19,2025-10-19,2025-10-31,19.99,paid
INV01115,CUST0090,SUB0090,2025-03-30,2025-03-30,2025-03-31,19.99,paid
INV01116,CUST0090,SUB0090,2025-04-30,2025-04-30,2025-04-30,19.99,paid
INV01117,CUST0090,SUB0090,2025-05-30,2025-05-30,2025-05-31,19.99,paid
INV01118,CUST0090,SUB0090,2025-06-30,2025-06-30,2025-06-30,19.99,paid
INV01119,CUST0090,SUB0090,2025-07-30,2025-07-30,2025-07-31,19.99,paid
INV01120,CUST0090,SUB0090,2025-08-30,2025-08-30,2025-08-31,19.99,paid
INV01121,CUST0090,SUB0090,2025-09-30,2025-09-30,2025-09-30,19.99,paid
INV01122,CUST0090,SUB0090,2025-10-30,2025-10-30,2025-10-31,19.99,paid
INV01123,CUST0090,SUB0090,2025-11-30,2025-11-30,2025-11-30,19.99,paid
INV01124,CUST0090,SUB0090,2025-12-30,2025-12-30,2025-12-31,19.99,paid
INV01125,CUST0091,SUB0091,2025-04-20,2025-04-20,2025-04-30,19.99,paid
INV01126,CUST0091,SUB0091,2025-05-20,2025-05-20,2025-05-31,19.99,paid
INV01127,CUST0091,SUB0091,2025-06-20,2025-06-20,2025-06-30,19.99,paid
INV01128,CUST0091,SUB0091,2025-07-20,2025-07-20,2025-07-31,19.99,paid
INV01129,CUST0091,SUB0091,2025-08-20,2025-08-20,2025-08-31,19.99,paid
INV01130,CUST0091,SUB0091,2025-09-20,2025-09-20,2025-09-30,19.99,paid
INV01131,CUST0091,SUB0091,2025-10-20,2025-10-20,2025-10-31,19.99,failed
INV01132,CUST0091,SUB0091,2025-11-20,2025-11-20,2025-11-30,19.99,paid
INV01133,CUST0091,SUB0091,2025-12-20,2025-12-20,2025-12-31,19.99,paid
INV01134,CUST0092,SUB0092,2024-09-11,2024-09-11,2024-09-30,19.99,paid
INV01135,CUST0092,SUB0092,2024-10-11,2024-10-11,2024-10-31,19.99,failed
INV01136,CUST0092,SUB0092,2024-11-11,2024-11-11,2024-11-30,19.99,paid
INV01137,CUST0092,SUB0092,2024-12-11,2024-12-11,2024-12-31,19.99,paid
INV01138,CUST0093,SUB0093,2024-02-29,2024-02-29,2024-02-29,19.99,paid
INV01139,CUST0093,SUB0093,2024-03-29,2024-03-29,2024-03-31,19.99,paid
INV01140,CUST0093,SUB0093,2024-04-29,2024-04-29,2024-04-30,19.99,paid
INV01141,CUST0093,SUB0093,2024-05-29,2024-05-29,2024-05-31,19.99,paid
INV01142,CUST0093,SUB0093,2024-06-29,2024-06-29,2024-06-30,19.99,paid
INV01143,CUST0093,SUB0093,2024-07-29,2024-07-29,2024-07-31,19.99,paid
INV01144,CUST0093,SUB0093,2024-08-29,2024-08-29,2024-08-31,19.99,paid
INV01145,CUST0093,SUB0093,2024-09-29,2024-09-29,2024-09-30,19.99,paid
INV01146,CUST0093,SUB0093,2024-10-29,2024-10-29,2024-10-31,19.99,paid
INV01147,CUST0093,SUB0093,2024-11-29,2024-11-29,2024-11-30,19.99,paid
INV01148,CUST0093,SUB0093,2024-12-29,2024-12-29,2024-12-31,19.99,paid
INV01149,CUST0093,SUB0093,2025-01-29,2025-01-29,2025-01-31,19.99,paid
INV01150,CUST0093,SUB0093,2025-02-28,2025-02-28,2025-02-28,19.99,paid
INV01151,CUST0093,SUB0093,2025-03-29,2025-03-29,2025-03-31,19.99,paid
INV01152,CUST0093,SUB0093,2025-04-29,2025-04-29,2025-04-30,19.99,paid
INV01153,CUST0093,SUB0093,2025-05-29,2025-05-29,2025-05-31,19.99,paid
INV01154,CUST0093,SUB0093,2025-06-29,2025-06-29,2025-06-30,19.99,paid
INV01155,CUST0093,SUB0093,2025-07-29,2025-07-29,2025-07-31,19.99,paid
INV01156,CUST0093,SUB0093,2025-08-29,2025-08-29,2025-08-31,19.99,paid
INV01157,CUST0093,SUB0093,2025-09-29,2025-09-29,2025-09-30,19.99,paid
INV01158,CUST0093,SUB0093,2025-10-29,2025-10-29,2025-10-31,19.99,paid
INV01159,CUST0093,SUB0093,2025-11-29,2025-11-29,2025-11-30,19.99,paid
INV01160,CUST0093,SUB0093,2025-12-29,2025-12-29,2025-12-31,19.99,paid
INV01161,CUST0094,SUB0094,2024-02-10,2024-02-10,2024-02-29,49.99,paid
INV01162,CUST0094,SUB0094,2024-03-10,2024-03-10,2024-03-31,49.99,paid
INV01163,CUST0094,SUB0094,2024-04-10,2024-04-10,2024-04-30,49.99,failed
INV01164,CUST0094,SUB0094,2024-05-10,2024-05-10,2024-05-31,49.99,paid
INV01165,CUST0094,SUB0094,2024-06-10,2024-06-10,2024-06-30,49.99,paid
INV01166,CUST0094,SUB0094,2024-07-10,2024-07-10,2024-07-31,49.99,paid
INV01167,CUST0094,SUB0094,2024-08-10,2024-08-10,2024-08-31,49.99,paid
INV01168,CUST0094,SUB0094,2024-09-10,2024-09-10,2024-09-30,49.99,failed
INV01169,CUST0094,SUB0094,2024-10-10,2024-10-10,2024-10-31,49.99,paid
INV01170,CUST0094,SUB0094,2024-11-10,2024-11-10,2024-11-30,49.99,paid
INV01171,CUST0094,SUB0094,2024-12-10,2024-12-10,2024-12-31,49.99,paid
INV01172,CUST0094,SUB0094,2025-01-10,2025-01-10,2025-01-31,49.99,paid
INV01173,CUST0094,SUB0094,2025-02-10,2025-02-10,2025-02-28,49.99,paid
INV01174,CUST0094,SUB0094,2025-03-10,2025-03-10,2025-03-31,49.99,paid
INV01175,CUST0094,SUB0094,2025-04-10,2025-04-10,2025-04-30,49.99,paid
INV01176,CUST0094,SUB0094,2025-05-10,2025-05-10,2025-05-31,49.99,paid
INV01177,CUST0094,SUB0094,2025-06-10,2025-06-10,2025-06-30,49.99,failed
INV01178,CUST0094,SUB0094,2025-07-10,2025-07-10,2025-07-31,49.99,paid
INV01179,CUST0094,SUB0094,2025-08-10,2025-08-10,2025-08-31,49.99,paid
INV01180,CUST0094,SUB0094,2025-09-10,2025-09-10,2025-09-30,49.99,paid
INV01181,CUST0094,SUB0094,2025-10-10,2025-10-10,2025-10-31,49.99,failed
INV01182,CUST0094,SUB0094,2025-11-10,2025-11-10,2025-11-30,49.99,paid
INV01183,CUST0094,SUB0094,2025-12-10,2025-12-10,2025-12-31,49.99,paid
INV01184,CUST0095,SUB0095,2024-11-26,2024-11-26,2024-11-30,89.99,failed
INV01185,CUST0095,SUB0095,2024-12-26,2024-12-26,2024-12-31,89.99,paid
INV01186,CUST0095,SUB0095,2025-01-26,2025-01-26,2025-01-31,89.99,paid
INV01187,CUST0095,SUB0095,2025-02-26,2025-02-26,2025-02-28,89.99,paid
INV01188,CUST0095,SUB0095,2025-03-26,2025-03-26,2025-03-31,89.99,paid
INV01189,CUST0095,SUB0095,2025-04-26,2025-04-26,2025-04-30,89.99,paid
INV01190,CUST0095,SUB0095,2025-05-26,2025-05-26,2025-05-31,89.99,paid
INV01191,CUST0095,SUB0095,2025-06-26,2025-06-26,2025-06-30,89.99,paid
INV01192,CUST0095,SUB0095,2025-07-26,2025-07-26,2025-07-31,89.99,paid
INV01193,CUST0095,SUB0095,2025-08-26,2025-08-26,2025-08-31,89.99,paid
INV01194,CUST0095,SUB0095,2025-09-26,2025-09-26,2025-09-30,89.99,paid
INV01195,CUST0095,SUB0095,2025-10-26,2025-10-26,2025-10-31,89.99,paid
INV01196,CUST0095,SUB0095,2025-11-26,2025-11-26,2025-11-30,89.99,paid
INV01197,CUST0095,SUB0095,2025-12-26,2025-12-26,2025-12-31,89.99,paid
INV01198,CUST0096,SUB0096,2025-02-14,2025-02-14,2025-02-28,19.99,paid
INV01199,CUST0096,SUB0096,2025-03-14,2025-03-14,2025-03-31,19.99,paid
INV01200,CUST0096,SUB0096,2025-04-14,2025-04-14,2025-04-30,19.99,paid
INV01201,CUST0096,SUB0096,2025-05-14,2025-05-14,2025-05-31,19.99,paid
INV01202,CUST0096,SUB0096,2025-06-14,2025-06-14,2025-06-30,19.99,paid
INV01203,CUST0096,SUB0096,2025-07-14,2025-07-14,2025-07-31,19.99,paid
INV01204,CUST0096,SUB0096,2025-08-14,2025-08-14,2025-08-31,19.99,paid
INV01205,CUST0096,SUB0096,2025-09-14,2025-09-14,2025-09-30,19.99,paid
INV01206,CUST0096,SUB0096,2025-10-14,2025-10-14,2025-10-31,19.99,paid
INV01207,CUST0096,SUB0096,2025-11-14,2025-11-14,2025-11-30,19.99,paid
INV01208,CUST0096,SUB0096,2025-12-14,2025-12-14,2025-12-31,19.99,paid
INV01209,CUST0097,SUB0097,2024-06-01,2024-06-01,2024-06-30,19.99,paid
INV01210,CUST0097,SUB0097,2024-07-01,2024-07-01,2024-07-31,19.99,paid
INV01211,CUST0097,SUB0097,2024-08-01,2024-08-01,2024-08-31,19.99,paid
INV01212,CUST0097,SUB0097,2024-09-01,2024-09-01,2024-09-30,19.99,paid
INV01213,CUST0097,SUB0097,2024-10-01,2024-10-01,2024-10-31,19.99,paid
INV01214,CUST0097,SUB0097,2024-11-01,2024-11-01,2024-11-30,19.99,paid
INV01215,CUST0097,SUB0097,2024-12-01,2024-12-01,2024-12-31,19.99,paid
INV01216,CUST0097,SUB0097,2025-01-01,2025-01-01,2025-01-31,19.99,paid
INV01217,CUST0097,SUB0097,2025-02-01,2025-02-01,2025-02-28,19.99,paid
INV01218,CUST0097,SUB0097,2025-03-01,2025-03-01,2025-03-31,19.99,failed
INV01219,CUST0097,SUB0097,2025-04-01,2025-04-01,2025-04-30,19.99,paid
INV01220,CUST0097,SUB0097,2025-05-01,2025-05-01,2025-05-31,19.99,paid
INV01221,CUST0097,SUB0097,2025-06-01,2025-06-01,2025-06-30,19.99,paid
INV01222,CUST0097,SUB0097,2025-07-01,2025-07-01,2025-07-31,19.99,paid
INV01223,CUST0097,SUB0097,2025-08-01,2025-08-01,2025-08-31,19.99,paid
INV01224,CUST0097,SUB0097,2025-09-01,2025-09-01,2025-09-30,19.99,paid
INV01225,CUST0097,SUB0097,2025-10-01,2025-10-01,2025-10-31,19.99,paid
INV01226,CUST0097,SUB0097,2025-11-01,2025-11-01,2025-11-30,19.99,paid
INV01227,CUST0097,SUB0097,2025-12-01,2025-12-01,2025-12-31,19.99,paid
INV01228,CUST0098,SUB0098,2024-08-26,2024-08-26,2024-08-31,49.99,paid
INV01229,CUST0098,SUB0098,2024-09-26,2024-09-26,2024-09-30,49.99,paid
INV01230,CUST0098,SUB0098,2024-10-26,2024-10-26,2024-10-31,49.99,paid
INV01231,CUST0098,SUB0098,2024-11-26,2024-11-26,2024-11-30,49.99,paid
INV01232,CUST0098,SUB0098,2024-12-26,2024-12-26,2024-12-31,49.99,failed
INV01233,CUST0098,SUB0098,2025-01-26,2025-01-26,2025-01-31,49.99,failed
INV01234,CUST0098,SUB0098,2025-02-26,2025-02-26,2025-02-28,49.99,paid
INV01235,CUST0098,SUB0098,2025-03-26,2025-03-26,2025-03-31,49.99,paid
INV01236,CUST0098,SUB0098,2025-04-26,2025-04-26,2025-04-30,49.99,paid
INV01237,CUST0098,SUB0098,2025-05-26,2025-05-26,2025-05-31,49.99,paid
INV01238,CUST0098,SUB0098,2025-06-26,2025-06-26,2025-06-30,49.99,paid
INV01239,CUST0098,SUB0098,2025-07-26,2025-07-26,2025-07-31,49.99,paid
INV01240,CUST0098,SUB0098,2025-08-26,2025-08-26,2025-08-31,49.99,paid
INV01241,CUST0098,SUB0098,2025-09-26,2025-09-26,2025-09-30,49.99,paid
INV01242,CUST0098,SUB0098,2025-10-26,2025-10-26,2025-10-31,49.99,paid
INV01243,CUST0098,SUB0098,2025-11-26,2025-11-26,2025-11-30,49.99,paid
INV01244,CUST0098,SUB0098,2025-12-26,2025-12-26,2025-12-31,49.99,paid
INV01245,CUST0099,SUB0099,2025-04-01,2025-04-01,2025-04-30,49.99,paid
INV01246,CUST0099,SUB0099,2025-05-01,2025-05-01,2025-05-31,49.99,paid
INV01247,CUST0099,SUB0099,2025-06-01,2025-06-01,2025-06-30,49.99,paid
INV01248,CUST0099,SUB0099,2025-07-01,2025-07-01,2025-07-31,49.99,paid
INV01249,CUST0099,SUB0099,2025-08-01,2025-08-01,2025-08-31,49.99,paid
INV01250,CUST0099,SUB0099,2025-09-01,2025-09-01,2025-09-30,49.99,paid
INV01251,CUST0099,SUB0099,2025-10-01,2025-10-01,2025-10-31,49.99,paid
INV01252,CUST0099,SUB0099,2025-11-01,2025-11-01,2025-11-30,49.99,paid
INV01253,CUST0099,SUB0099,2025-12-01,2025-12-01,2025-12-31,49.99,paid
INV01254,CUST0100,SUB0100,2025-04-16,2025-04-16,2025-04-30,19.99,paid
INV01255,CUST0100,SUB0100,2025-05-16,2025-05-16,2025-05-31,19.99,paid
INV01256,CUST0100,SUB0100,2025-06-16,2025-06-16,2025-06-30,19.99,paid
INV01257,CUST0100,SUB0100,2025-07-16,2025-07-16,2025-07-31,19.99,paid
INV01258,CUST0100,SUB0100,2025-08-16,2025-08-16,2025-08-31,19.99,paid
INV01259,CUST0100,SUB0100,2025-09-16,2025-09-16,2025-09-30,19.99,paid
INV01260,CUST0100,SUB0100,2025-10-16,2025-10-16,2025-10-31,19.99,paid
INV01261,CUST0100,SUB0100,2025-11-16,2025-11-16,2025-11-30,19.99,paid
INV01262,CUST0100,SUB0100,2025-12-16,2025-12-16,2025-12-31,19.99,paid
INV01263,CUST0101,SUB0101,2024-07-09,2024-07-09,2024-07-31,19.99,paid
INV01264,CUST0101,SUB0101,2024-08-09,2024-08-09,2024-08-31,19.99,paid
INV01265,CUST0101,SUB0101,2024-09-09,2024-09-09,2024-09-30,19.99,paid
INV01266,CUST0101,SUB0101,2024-10-09,2024-10-09,2024-10-31,19.99,paid
INV01267,CUST0101,SUB0101,2024-11-09,2024-11-09,2024-11-30,19.99,paid
INV01268,CUST0101,SUB0101,2024-12-09,2024-12-09,2024-12-31,19.99,paid
INV01269,CUST0101,SUB0101,2025-01-09,2025-01-09,2025-01-31,19.99,paid
INV01270,CUST0101,SUB0101,2025-02-09,2025-02-09,2025-02-28,19.99,paid
INV01271,CUST0101,SUB0101,2025-03-09,2025-03-09,2025-03-31,19.99,paid
INV01272,CUST0101,SUB0101,2025-04-09,2025-04-09,2025-04-30,19.99,failed
INV01273,CUST0101,SUB0101,2025-05-09,2025-05-09,2025-05-31,19.99,paid
INV01274,CUST0101,SUB0101,2025-06-09,2025-06-09,2025-06-30,19.99,paid
INV01275,CUST0101,SUB0101,2025-07-09,2025-07-09,2025-07-31,19.99,paid
INV01276,CUST0101,SUB0101,2025-08-09,2025-08-09,2025-08-31,19.99,paid
INV01277,CUST0101,SUB0101,2025-09-09,2025-09-09,2025-09-30,19.99,paid
INV01278,CUST0101,SUB0101,2025-10-09,2025-10-09,2025-10-31,19.99,paid
INV01279,CUST0101,SUB0101,2025-11-09,2025-11-09,2025-11-30,19.99,paid
INV01280,CUST0101,SUB0101,2025-12-09,2025-12-09,2025-12-31,19.99,paid
INV01281,CUST0102,SUB0102,2025-05-15,2025-05-15,2025-05-31,19.99,failed
INV01282,CUST0102,SUB0102,2025-06-15,2025-06-15,2025-06-30,19.99,paid
INV01283,CUST0102,SUB0102,2025-07-15,2025-07-15,2025-07-31,19.99,paid
INV01284,CUST0102,SUB0102,2025-08-15,2025-08-15,2025-08-31,19.99,failed
INV01285,CUST0102,SUB0102,2025-09-15,2025-09-15,2025-09-30,19.99,paid
INV01286,CUST0102,SUB0102,2025-10-15,2025-10-15,2025-10-31,19.99,paid
INV01287,CUST0102,SUB0102,2025-11-15,2025-11-15,2025-11-30,19.99,paid
INV01288,CUST0102,SUB0102,2025-12-15,2025-12-15,2025-12-31,19.99,paid
INV01289,CUST0103,SUB0103,2024-11-03,2024-11-03,2024-11-30,19.99,paid
INV01290,CUST0103,SUB0103,2024-12-03,2024-12-03,2024-12-31,19.99,paid
INV01291,CUST0103,SUB0103,2025-01-03,2025-01-03,2025-01-31,19.99,paid
INV01292,CUST0103,SUB0103,2025-02-03,2025-02-03,2025-02-28,19.99,paid
INV01293,CUST0103,SUB0103,2025-03-03,2025-03-03,2025-03-31,19.99,paid
INV01294,CUST0103,SUB0103,2025-04-03,2025-04-03,2025-04-30,19.99,paid
INV01295,CUST0103,SUB0103,2025-05-03,2025-05-03,2025-05-31,19.99,paid
INV01296,CUST0103,SUB0103,2025-06-03,2025-06-03,2025-06-30,19.99,paid
INV01297,CUST0104,SUB0104,2024-06-07,2024-06-07,2024-06-30,19.99,paid
INV01298,CUST0104,SUB0104,2024-07-07,2024-07-07,2024-07-31,19.99,paid
INV01299,CUST0104,SUB0104,2024-08-07,2024-08-07,2024-08-31,19.99,paid
INV01300,CUST0104,SUB0104,2024-09-07,2024-09-07,2024-09-30,19.99,paid
INV01301,CUST0104,SUB0104,2024-10-07,2024-10-07,2024-10-31,19.99,paid
INV01302,CUST0104,SUB0104,2024-11-07,2024-11-07,2024-11-30,19.99,paid
INV01303,CUST0104,SUB0104,2024-12-07,2024-12-07,2024-12-31,19.99,paid
INV01304,CUST0104,SUB0104,2025-01-07,2025-01-07,2025-01-31,19.99,paid
INV01305,CUST0104,SUB0104,2025-02-07,2025-02-07,2025-02-28,19.99,paid
INV01306,CUST0104,SUB0104,2025-03-07,2025-03-07,2025-03-31,19.99,paid
INV01307,CUST0104,SUB0104,2025-04-07,2025-04-07,2025-04-30,19.99,paid
INV01308,CUST0104,SUB0104,2025-05-07,2025-05-07,2025-05-31,19.99,paid
INV01309,CUST0104,SUB0104,2025-06-07,2025-06-07,2025-06-30,19.99,paid
INV01310,CUST0104,SUB0104,2025-07-07,2025-07-07,2025-07-31,19.99,paid
INV01311,CUST0104,SUB0104,2025-08-07,2025-08-07,2025-08-31,19.99,paid
INV01312,CUST0104,SUB0104,2025-09-07,2025-09-07,2025-09-30,19.99,paid
INV01313,CUST0104,SUB0104,2025-10-07,2025-10-07,2025-10-31,19.99,paid
INV01314,CUST0104,SUB0104,2025-11-07,2025-11-07,2025-11-30,19.99,paid
INV01315,CUST0104,SUB0104,2025-12-07,2025-12-07,2025-12-31,19.99,paid
INV01316,CUST0105,SUB0105,2024-12-28,2024-12-28,2024-12-31,19.99,paid
INV01317,CUST0105,SUB0105,2025-01-28,2025-01-28,2025-01-31,19.99,paid
INV01318,CUST0105,SUB0105,2025-02-28,2025-02-28,2025-02-28,19.99,paid
INV01319,CUST0105,SUB0105,2025-03-28,2025-03-28,2025-03-31,19.99,paid
INV01320,CUST0105,SUB0105,2025-04-28,2025-04-28,2025-04-30,19.99,paid
INV01321,CUST0105,SUB0105,2025-05-28,2025-05-28,2025-05-31,19.99,paid
INV01322,CUST0105,SUB0105,2025-06-28,2025-06-28,2025-06-30,19.99,paid
INV01323,CUST0105,SUB0105,2025-07-28,2025-07-28,2025-07-31,19.99,paid
INV01324,CUST0105,SUB0105,2025-08-28,2025-08-28,2025-08-31,19.99,paid
INV01325,CUST0105,SUB0105,2025-09-28,2025-09-28,2025-09-30,19.99,paid
INV01326,CUST0105,SUB0105,2025-10-28,2025-10-28,2025-10-31,19.99,paid
INV01327,CUST0105,SUB0105,2025-11-28,2025-11-28,2025-11-30,19.99,paid
INV01328,CUST0105,SUB0105,2025-12-28,2025-12-28,2025-12-31,19.99,paid
INV01329,CUST0106,SUB0106,2024-10-24,2024-10-24,2024-10-31,49.99,paid
INV01330,CUST0106,SUB0106,2024-11-24,2024-11-24,2024-11-30,49.99,paid
INV01331,CUST0106,SUB0106,2024-12-24,2024-12-24,2024-12-31,49.99,paid
INV01332,CUST0106,SUB0106,2025-01-24,2025-01-24,2025-01-31,49.99,paid
INV01333,CUST0107,SUB0107,2025-03-24,2025-03-24,2025-03-31,49.99,paid
INV01334,CUST0107,SUB0107,2025-04-24,2025-04-24,2025-04-30,49.99,paid
INV01335,CUST0107,SUB0107,2025-05-24,2025-05-24,2025-05-31,49.99,paid
INV01336,CUST0107,SUB0107,2025-06-24,2025-06-24,2025-06-30,49.99,paid
INV01337,CUST0108,SUB0108,2024-12-03,2024-12-03,2024-12-31,19.99,paid
INV01338,CUST0108,SUB0108,2025-01-03,2025-01-03,2025-01-31,19.99,paid
INV01339,CUST0108,SUB0108,2025-02-03,2025-02-03,2025-02-28,19.99,paid
INV01340,CUST0108,SUB0108,2025-03-03,2025-03-03,2025-03-31,19.99,paid
INV01341,CUST0108,SUB0108,2025-04-03,2025-04-03,2025-04-30,19.99,paid
INV01342,CUST0108,SUB0108,2025-05-03,2025-05-03,2025-05-31,19.99,paid
INV01343,CUST0108,SUB0108,2025-06-03,2025-06-03,2025-06-30,19.99,paid
INV01344,CUST0108,SUB0108,2025-07-03,2025-07-03,2025-07-31,19.99,failed
INV01345,CUST0108,SUB0108,2025-08-03,2025-08-03,2025-08-31,19.99,paid
INV01346,CUST0108,SUB0108,2025-09-03,2025-09-03,2025-09-30,19.99,paid
INV01347,CUST0108,SUB0108,2025-10-03,2025-10-03,2025-10-31,19.99,paid
INV01348,CUST0108,SUB0108,2025-11-03,2025-11-03,2025-11-30,19.99,paid
INV01349,CUST0108,SUB0108,2025-12-03,2025-12-03,2025-12-31,19.99,paid
INV01350,CUST0109,SUB0109,2024-06-07,2024-06-07,2024-06-30,19.99,paid
INV01351,CUST0109,SUB0109,2024-07-07,2024-07-07,2024-07-31,19.99,failed
INV01352,CUST0109,SUB0109,2024-08-07,2024-08-07,2024-08-31,19.99,paid
INV01353,CUST0109,SUB0109,2024-09-07,2024-09-07,2024-09-30,19.99,paid
INV01354,CUST0109,SUB0109,2024-10-07,2024-10-07,2024-10-31,19.99,paid
INV01355,CUST0109,SUB0109,2024-11-07,2024-11-07,2024-11-30,19.99,paid
INV01356,CUST0109,SUB0109,2024-12-07,2024-12-07,2024-12-31,19.99,paid
INV01357,CUST0109,SUB0109,2025-01-07,2025-01-07,2025-01-31,19.99,failed
INV01358,CUST0109,SUB0109,2025-02-07,2025-02-07,2025-02-28,19.99,paid
INV01359,CUST0109,SUB0109,2025-03-07,2025-03-07,2025-03-31,19.99,paid
INV01360,CUST0109,SUB0109,2025-04-07,2025-04-07,2025-04-30,19.99,failed
INV01361,CUST0109,SUB0109,2025-05-07,2025-05-07,2025-05-31,19.99,paid
INV01362,CUST0109,SUB0109,2025-06-07,2025-06-07,2025-06-30,19.99,paid
INV01363,CUST0109,SUB0109,2025-07-07,2025-07-07,2025-07-31,19.99,failed
INV01364,CUST0109,SUB0109,2025-08-07,2025-08-07,2025-08-31,19.99,paid
INV01365,CUST0109,SUB0109,2025-09-07,2025-09-07,2025-09-30,19.99,paid
INV01366,CUST0109,SUB0109,2025-10-07,2025-10-07,2025-10-31,19.99,paid
INV01367,CUST0109,SUB0109,2025-11-07,2025-11-07,2025-11-30,19.99,paid
INV01368,CUST0109,SUB0109,2025-12-07,2025-12-07,2025-12-31,19.99,paid
INV01369,CUST0110,SUB0110,2024-03-03,2024-03-03,2024-03-31,19.99,paid
INV01370,CUST0110,SUB0110,2024-04-03,2024-04-03,2024-04-30,19.99,paid
INV01371,CUST0110,SUB0110,2024-05-03,2024-05-03,2024-05-31,19.99,paid
INV01372,CUST0110,SUB0110,2024-06-03,2024-06-03,2024-06-30,19.99,paid
INV01373,CUST0110,SUB0110,2024-07-03,2024-07-03,2024-07-31,19.99,paid
INV01374,CUST0110,SUB0110,2024-08-03,2024-08-03,2024-08-31,19.99,paid
INV01375,CUST0110,SUB0110,2024-09-03,2024-09-03,2024-09-30,19.99,paid
INV01376,CUST0110,SUB0110,2024-10-03,2024-10-03,2024-10-31,19.99,paid
INV01377,CUST0110,SUB0110,2024-11-03,2024-11-03,2024-11-30,19.99,paid
INV01378,CUST0110,SUB0110,2024-12-03,2024-12-03,2024-12-31,19.99,paid
INV01379,CUST0110,SUB0110,2025-01-03,2025-01-03,2025-01-31,19.99,paid
INV01380,CUST0110,SUB0110,2025-02-03,2025-02-03,2025-02-28,19.99,paid
INV01381,CUST0110,SUB0110,2025-03-03,2025-03-03,2025-03-31,19.99,paid
INV01382,CUST0110,SUB0110,2025-04-03,2025-04-03,2025-04-30,19.99,paid
INV01383,CUST0110,SUB0110,2025-05-03,2025-05-03,2025-05-31,19.99,paid
INV01384,CUST0110,SUB0110,2025-06-03,2025-06-03,2025-06-30,19.99,paid
INV01385,CUST0110,SUB0110,2025-07-03,2025-07-03,2025-07-31,19.99,paid
INV01386,CUST0110,SUB0110,2025-08-03,2025-08-03,2025-08-31,19.99,paid
INV01387,CUST0110,SUB0110,2025-09-03,2025-09-03,2025-09-30,19.99,paid
INV01388,CUST0110,SUB0110,2025-10-03,2025-10-03,2025-10-31,19.99,paid
INV01389,CUST0110,SUB0110,2025-11-03,2025-11-03,2025-11-30,19.99,paid
INV01390,CUST0110,SUB0110,2025-12-03,2025-12-03,2025-12-31,19.99,paid
INV01391,CUST0111,SUB0111,2024-01-23,2024-01-23,2024-01-31,49.99,paid
INV01392,CUST0111,SUB0111,2024-02-23,2024-02-23,2024-02-29,49.99,paid
INV01393,CUST0111,SUB0111,2024-03-23,2024-03-23,2024-03-31,49.99,paid
INV01394,CUST0111,SUB0111,2024-04-23,2024-04-23,2024-04-30,49.99,paid
INV01395,CUST0111,SUB0111,2024-05-23,2024-05-23,2024-05-31,49.99,paid
INV01396,CUST0111,SUB0111,2024-06-23,2024-06-23,2024-06-30,49.99,failed
INV01397,CUST0111,SUB0111,2024-07-23,2024-07-23,2024-07-31,49.99,paid
INV01398,CUST0111,SUB0111,2024-08-23,2024-08-23,2024-08-31,49.99,paid
INV01399,CUST0111,SUB0111,2024-09-23,2024-09-23,2024-09-30,49.99,paid
INV01400,CUST0111,SUB0111,2024-10-23,2024-10-23,2024-10-31,49.99,paid
INV01401,CUST0111,SUB0111,2024-11-23,2024-11-23,2024-11-30,49.99,paid
INV01402,CUST0111,SUB0111,2024-12-23,2024-12-23,2024-12-31,49.99,paid
INV01403,CUST0111,SUB0111,2025-01-23,2025-01-23,2025-01-31,49.99,failed
INV01404,CUST0111,SUB0111,2025-02-23,2025-02-23,2025-02-28,49.99,paid
INV01405,CUST0111,SUB0111,2025-03-23,2025-03-23,2025-03-31,49.99,paid
INV01406,CUST0111,SUB0111,2025-04-23,2025-04-23,2025-04-30,49.99,paid
INV01407,CUST0111,SUB0111,2025-05-23,2025-05-23,2025-05-31,49.99,paid
INV01408,CUST0111,SUB0111,2025-06-23,2025-06-23,2025-06-30,49.99,paid
INV01409,CUST0111,SUB0111,2025-07-23,2025-07-23,2025-07-31,49.99,paid
INV01410,CUST0111,SUB0111,2025-08-23,2025-08-23,2025-08-31,49.99,paid
INV01411,CUST0111,SUB0111,2025-09-23,2025-09-23,2025-09-30,49.99,paid
INV01412,CUST0111,SUB0111,2025-10-23,2025-10-23,2025-10-31,49.99,paid
INV01413,CUST0111,SUB0111,2025-11-23,2025-11-23,2025-11-30,49.99,paid
INV01414,CUST0111,SUB0111,2025-12-23,2025-12-23,2025-12-31,49.99,paid
INV01415,CUST0112,SUB0112,2024-04-07,2024-04-07,2024-04-30,89.99,paid
INV01416,CUST0112,SUB0112,2024-05-07,2024-05-07,2024-05-31,89.99,paid
INV01417,CUST0112,SUB0112,2024-06-07,2024-06-07,2024-06-30,89.99,paid
INV01418,CUST0112,SUB0112,2024-07-07,2024-07-07,2024-07-31,89.99,paid
INV01419,CUST0112,SUB0112,2024-08-07,2024-08-07,2024-08-31,89.99,paid
INV01420,CUST0112,SUB0112,2024-09-07,2024-09-07,2024-09-30,89.99,paid
INV01421,CUST0112,SUB0112,2024-10-07,2024-10-07,2024-10-31,89.99,paid
INV01422,CUST0112,SUB0112,2024-11-07,2024-11-07,2024-11-30,89.99,paid
INV01423,CUST0112,SUB0112,2024-12-07,2024-12-07,2024-12-31,89.99,paid
INV01424,CUST0112,SUB0112,2025-01-07,2025-01-07,2025-01-31,89.99,paid
INV01425,CUST0113,SUB0113,2024-03-14,2024-03-14,2024-03-31,19.99,paid
INV01426,CUST0113,SUB0113,2024-04-14,2024-04-14,2024-04-30,19.99,paid
INV01427,CUST0113,SUB0113,2024-05-14,2024-05-14,2024-05-31,19.99,paid
INV01428,CUST0113,SUB0113,2024-06-14,2024-06-14,2024-06-30,19.99,paid
INV01429,CUST0113,SUB0113,2024-07-14,2024-07-14,2024-07-31,19.99,paid
INV01430,CUST0113,SUB0113,2024-08-14,2024-08-14,2024-08-31,19.99,paid
INV01431,CUST0113,SUB0113,2024-09-14,2024-09-14,2024-09-30,19.99,paid
INV01432,CUST0113,SUB0113,2024-10-14,2024-10-14,2024-10-31,19.99,paid
INV01433,CUST0113,SUB0113,2024-11-14,2024-11-14,2024-11-30,19.99,paid
INV01434,CUST0113,SUB0113,2024-12-14,2024-12-14,2024-12-31,19.99,paid
INV01435,CUST0113,SUB0113,2025-01-14,2025-01-14,2025-01-31,19.99,paid
INV01436,CUST0113,SUB0113,2025-02-14,2025-02-14,2025-02-28,19.99,paid
INV01437,CUST0113,SUB0113,2025-03-14,2025-03-14,2025-03-31,19.99,paid
INV01438,CUST0113,SUB0113,2025-04-14,2025-04-14,2025-04-30,19.99,paid
INV01439,CUST0113,SUB0113,2025-05-14,2025-05-14,2025-05-31,19.99,paid
INV01440,CUST0113,SUB0113,2025-06-14,2025-06-14,2025-06-30,19.99,paid
INV01441,CUST0113,SUB0113,2025-07-14,2025-07-14,2025-07-31,19.99,paid
INV01442,CUST0113,SUB0113,2025-08-14,2025-08-14,2025-08-31,19.99,paid
INV01443,CUST0113,SUB0113,2025-09-14,2025-09-14,2025-09-30,19.99,paid
INV01444,CUST0113,SUB0113,2025-10-14,2025-10-14,2025-10-31,19.99,failed
INV01445,CUST0113,SUB0113,2025-11-14,2025-11-14,2025-11-30,19.99,paid
INV01446,CUST0113,SUB0113,2025-12-14,2025-12-14,2025-12-31,19.99,paid
INV01447,CUST0114,SUB0114,2024-06-11,2024-06-11,2024-06-30,19.99,paid
INV01448,CUST0114,SUB0114,2024-07-11,2024-07-11,2024-07-31,19.99,paid
INV01449,CUST0114,SUB0114,2024-08-11,2024-08-11,2024-08-31,19.99,paid
INV01450,CUST0114,SUB0114,2024-09-11,2024-09-11,2024-09-30,19.99,paid
INV01451,CUST0114,SUB0114,2024-10-11,2024-10-11,2024-10-31,19.99,paid
INV01452,CUST0114,SUB0114,2024-11-11,2024-11-11,2024-11-30,19.99,paid
INV01453,CUST0114,SUB0114,2024-12-11,2024-12-11,2024-12-31,19.99,paid
INV01454,CUST0114,SUB0114,2025-01-11,2025-01-11,2025-01-31,19.99,paid
INV01455,CUST0114,SUB0114,2025-02-11,2025-02-11,2025-02-28,19.99,paid
INV01456,CUST0114,SUB0114,2025-03-11,2025-03-11,2025-03-31,19.99,paid
INV01457,CUST0114,SUB0114,2025-04-11,2025-04-11,2025-04-30,19.99,paid
INV01458,CUST0114,SUB0114,2025-05-11,2025-05-11,2025-05-31,19.99,paid
INV01459,CUST0114,SUB0114,2025-06-11,2025-06-11,2025-06-30,19.99,paid
INV01460,CUST0114,SUB0114,2025-07-11,2025-07-11,2025-07-31,19.99,paid
INV01461,CUST0114,SUB0114,2025-08-11,2025-08-11,2025-08-31,19.99,paid
INV01462,CUST0114,SUB0114,2025-09-11,2025-09-11,2025-09-30,19.99,paid
INV01463,CUST0114,SUB0114,2025-10-11,2025-10-11,2025-10-31,19.99,paid
INV01464,CUST0114,SUB0114,2025-11-11,2025-11-11,2025-11-30,19.99,paid
INV01465,CUST0114,SUB0114,2025-12-11,2025-12-11,2025-12-31,19.99,paid
INV01466,CUST0115,SUB0115,2024-06-01,2024-06-01,2024-06-30,19.99,paid
INV01467,CUST0115,SUB0115,2024-07-01,2024-07-01,2024-07-31,19.99,paid
INV01468,CUST0115,SUB0115,2024-08-01,2024-08-01,2024-08-31,19.99,paid
INV01469,CUST0115,SUB0115,2024-09-01,2024-09-01,2024-09-30,19.99,paid
INV01470,CUST0115,SUB0115,2024-10-01,2024-10-01,2024-10-31,19.99,paid
INV01471,CUST0115,SUB0115,2024-11-01,2024-11-01,2024-11-30,19.99,paid
INV01472,CUST0115,SUB0115,2024-12-01,2024-12-01,2024-12-31,19.99,paid
INV01473,CUST0115,SUB0115,2025-01-01,2025-01-01,2025-01-31,19.99,paid
INV01474,CUST0115,SUB0115,2025-02-01,2025-02-01,2025-02-28,19.99,paid
INV01475,CUST0115,SUB0115,2025-03-01,2025-03-01,2025-03-31,19.99,paid
INV01476,CUST0116,SUB0116,2024-02-12,2024-02-12,2024-02-29,49.99,paid
INV01477,CUST0116,SUB0116,2024-03-12,2024-03-12,2024-03-31,49.99,paid
INV01478,CUST0116,SUB0116,2024-04-12,2024-04-12,2024-04-30,49.99,paid
INV01479,CUST0116,SUB0116,2024-05-12,2024-05-12,2024-05-31,49.99,paid
INV01480,CUST0116,SUB0116,2024-06-12,2024-06-12,2024-06-30,49.99,paid
INV01481,CUST0116,SUB0116,2024-07-12,2024-07-12,2024-07-31,49.99,paid
INV01482,CUST0116,SUB0116,2024-08-12,2024-08-12,2024-08-31,49.99,paid
INV01483,CUST0116,SUB0116,2024-09-12,2024-09-12,2024-09-30,49.99,paid
INV01484,CUST0116,SUB0116,2024-10-12,2024-10-12,2024-10-31,49.99,paid
INV01485,CUST0116,SUB0116,2024-11-12,2024-11-12,2024-11-30,49.99,paid
INV01486,CUST0116,SUB0116,2024-12-12,2024-12-12,2024-12-31,49.99,paid
INV01487,CUST0116,SUB0116,2025-01-12,2025-01-12,2025-01-31,49.99,paid
INV01488,CUST0116,SUB0116,2025-02-12,2025-02-12,2025-02-28,49.99,paid
INV01489,CUST0116,SUB0116,2025-03-12,2025-03-12,2025-03-31,49.99,failed
INV01490,CUST0116,SUB0116,2025-04-12,2025-04-12,2025-04-30,49.99,paid
INV01491,CUST0116,SUB0116,2025-05-12,2025-05-12,2025-05-31,49.99,paid
INV01492,CUST0116,SUB0116,2025-06-12,2025-06-12,2025-06-30,49.99,paid
INV01493,CUST0116,SUB0116,2025-07-12,2025-07-12,2025-07-31,49.99,paid
INV01494,CUST0116,SUB0116,2025-08-12,2025-08-12,2025-08-31,49.99,paid
INV01495,CUST0116,SUB0116,2025-09-12,2025-09-12,2025-09-30,49.99,paid
INV01496,CUST0116,SUB0116,2025-10-12,2025-10-12,2025-10-31,49.99,paid
INV01497,CUST0116,SUB0116,2025-11-12,2025-11-12,2025-11-30,49.99,paid
INV01498,CUST0116,SUB0116,2025-12-12,2025-12-12,2025-12-31,49.99,paid
INV01499,CUST0117,SUB0117,2024-06-28,2024-06-28,2024-06-30,19.99,paid
INV01500,CUST0117,SUB0117,2024-07-28,2024-07-28,2024-07-31,19.99,paid
INV01501,CUST0117,SUB0117,2024-08-28,2024-08-28,2024-08-31,19.99,paid
INV01502,CUST0117,SUB0117,2024-09-28,2024-09-28,2024-09-30,19.99,paid
INV01503,CUST0117,SUB0117,2024-10-28,2024-10-28,2024-10-31,19.99,paid
INV01504,CUST0117,SUB0117,2024-11-28,2024-11-28,2024-11-30,19.99,paid
INV01505,CUST0117,SUB0117,2024-12-28,2024-12-28,2024-12-31,19.99,paid
INV01506,CUST0117,SUB0117,2025-01-28,2025-01-28,2025-01-31,19.99,paid
INV01507,CUST0117,SUB0117,2025-02-28,2025-02-28,2025-02-28,19.99,failed
INV01508,CUST0117,SUB0117,2025-03-28,2025-03-28,2025-03-31,19.99,paid
INV01509,CUST0117,SUB0117,2025-04-28,2025-04-28,2025-04-30,19.99,failed
INV01510,CUST0117,SUB0117,2025-05-28,2025-05-28,2025-05-31,19.99,paid
INV01511,CUST0117,SUB0117,2025-06-28,2025-06-28,2025-06-30,19.99,paid
INV01512,CUST0117,SUB0117,2025-07-28,2025-07-28,2025-07-31,19.99,paid
INV01513,CUST0117,SUB0117,2025-08-28,2025-08-28,2025-08-31,19.99,paid
INV01514,CUST0117,SUB0117,2025-09-28,2025-09-28,2025-09-30,19.99,paid
INV01515,CUST0117,SUB0117,2025-10-28,2025-10-28,2025-10-31,19.99,paid
INV01516,CUST0117,SUB0117,2025-11-28,2025-11-28,2025-11-30,19.99,paid
INV01517,CUST0117,SUB0117,2025-12-28,2025-12-28,2025-12-31,19.99,paid
INV01518,CUST0118,SUB0118,2024-07-26,2024-07-26,2024-07-31,49.99,paid
INV01519,CUST0118,SUB0118,2024-08-26,2024-08-26,2024-08-31,49.99,paid
INV01520,CUST0118,SUB0118,2024-09-26,2024-09-26,2024-09-30,49.99,paid
INV01521,CUST0118,SUB0118,2024-10-26,2024-10-26,2024-10-31,49.99,paid
INV01522,CUST0118,SUB0118,2024-11-26,2024-11-26,2024-11-30,49.99,paid
INV01523,CUST0118,SUB0118,2024-12-26,2024-12-26,2024-12-31,49.99,paid
INV01524,CUST0118,SUB0118,2025-01-26,2025-01-26,2025-01-31,49.99,paid
INV01525,CUST0118,SUB0118,2025-02-26,2025-02-26,2025-02-28,49.99,paid
INV01526,CUST0118,SUB0118,2025-03-26,2025-03-26,2025-03-31,49.99,paid
INV01527,CUST0118,SUB0118,2025-04-26,2025-04-26,2025-04-30,49.99,paid
INV01528,CUST0118,SUB0118,2025-05-26,2025-05-26,2025-05-31,49.99,paid
INV01529,CUST0118,SUB0118,2025-06-26,2025-06-26,2025-06-30,49.99,paid
INV01530,CUST0118,SUB0118,2025-07-26,2025-07-26,2025-07-31,49.99,paid
INV01531,CUST0118,SUB0118,2025-08-26,2025-08-26,2025-08-31,49.99,paid
INV01532,CUST0118,SUB0118,2025-09-26,2025-09-26,2025-09-30,49.99,paid
INV01533,CUST0118,SUB0118,2025-10-26,2025-10-26,2025-10-31,49.99,paid
INV01534,CUST0118,SUB0118,2025-11-26,2025-11-26,2025-11-30,49.99,paid
INV01535,CUST0118,SUB0118,2025-12-26,2025-12-26,2025-12-31,49.99,paid
INV01536,CUST0119,SUB0119,2025-05-11,2025-05-11,2025-05-31,49.99,paid
INV01537,CUST0119,SUB0119,2025-06-11,2025-06-11,2025-06-30,49.99,paid
INV01538,CUST0119,SUB0119,2025-07-11,2025-07-11,2025-07-31,49.99,paid
INV01539,CUST0119,SUB0119,2025-08-11,2025-08-11,2025-08-31,49.99,paid
INV01540,CUST0119,SUB0119,2025-09-11,2025-09-11,2025-09-30,49.99,failed
INV01541,CUST0119,SUB0119,2025-10-11,2025-10-11,2025-10-31,49.99,paid
INV01542,CUST0119,SUB0119,2025-11-11,2025-11-11,2025-11-30,49.99,paid
INV01543,CUST0120,SUB0120,2025-01-08,2025-01-08,2025-01-31,49.99,paid
INV01544,CUST0120,SUB0120,2025-02-08,2025-02-08,2025-02-28,49.99,paid
INV01545,CUST0120,SUB0120,2025-03-08,2025-03-08,2025-03-31,49.99,paid
INV01546,CUST0120,SUB0120,2025-04-08,2025-04-08,2025-04-30,49.99,paid
INV01547,CUST0120,SUB0120,2025-05-08,2025-05-08,2025-05-31,49.99,paid
INV01548,CUST0120,SUB0120,2025-06-08,2025-06-08,2025-06-30,49.99,paid
INV01549,CUST0120,SUB0120,2025-07-08,2025-07-08,2025-07-31,49.99,paid
INV01550,CUST0120,SUB0120,2025-08-08,2025-08-08,2025-08-31,49.99,paid
INV01551,CUST0120,SUB0120,2025-09-08,2025-09-08,2025-09-30,49.99,paid
INV01552,CUST0120,SUB0120,2025-10-08,2025-10-08,2025-10-31,49.99,paid
INV01553,CUST0120,SUB0120,2025-11-08,2025-11-08,2025-11-30,49.99,paid
